anio,carrera_grupo,institucion_gestion,carrera_titulo_nivel,estudiantes_total,estudiantes_varones,estudiantes_mujeres,nuevos_inscriptos_total,nuevos_inscriptos_varones,nuevos_inscriptos_mujeres,egresados_total,egresados_varones,egresados_mujeres,estudiantes_mujeres_pct,inscripciones_mujeres_pct,estudiantes_hombres_pct
2011,Arquitectura y Urbanismo,Estatal,Grado,49929.0,25789.0,24140.0,7407.0,3662.0,3745.0,2473.0,1135.0,1338.0,0.48348655090228126,0.5056028081544485,0.5165134490977188
2011,Arquitectura y Urbanismo,Estatal,Posgrado,1156.0,509.0,647.0,571.0,275.0,296.0,60.0,24.0,36.0,0.5596885813148789,0.5183887915936952,0.4403114186851211
2011,Arquitectura y Urbanismo,Estatal,Pregrado,200.0,174.0,26.0,62.0,53.0,9.0,31.0,18.0,13.0,0.13,0.14516129032258066,0.87
2011,Arquitectura y Urbanismo,Privada,Grado,8906.0,4707.0,4199.0,1675.0,862.0,813.0,491.0,233.0,258.0,0.4714799011902088,0.4853731343283582,0.5285200988097911
2011,Arquitectura y Urbanismo,Privada,Posgrado,112.0,38.0,74.0,28.0,7.0,21.0,8.0,1.0,7.0,0.6607142857142857,0.75,0.3392857142857143
2011,Arquitectura y Urbanismo,Privada,Pregrado,0.0,0.0,0.0,0.0,0.0,0.0,1.0,1.0,0.0,,,
2011,Artes,Estatal,Grado,45126.0,18417.0,26709.0,10380.0,4640.0,5740.0,795.0,241.0,554.0,139.83769633507853,89.6875,96.42408376963351
2011,Artes,Estatal,Posgrado,1160.0,371.0,789.0,401.0,121.0,280.0,50.0,17.0,33.0,0.01755869589406921,0.027142303218301668,0.008256370312673861
2011,Artes,Estatal,Pregrado,2174.0,1215.0,959.0,1016.0,572.0,444.0,193.0,98.0,95.0,0.8267241379310345,1.1072319201995013,1.0474137931034482
2011,Artes,Privada,Grado,3690.0,1614.0,2076.0,1427.0,639.0,788.0,190.0,70.0,120.0,13.393548387096773,9.85,10.412903225806451
2011,Artes,Privada,Posgrado,20.0,11.0,9.0,15.0,6.0,9.0,1.0,1.0,0.0,0.004457652303120356,0.009615384615384616,0.005448241703813769
2011,Artes,Privada,Pregrado,1000.0,536.0,464.0,66.0,38.0,28.0,189.0,76.0,113.0,0.12574525745257453,0.019621583742116328,0.14525745257452574
2011,Comunicacion,Estatal,Grado,67527.0,22404.0,45123.0,12138.0,4352.0,7786.0,1999.0,508.0,1491.0,2256.15,519.0666666666667,1120.2
2011,Comunicacion,Estatal,Posgrado,4485.0,1190.0,3295.0,1066.0,322.0,744.0,196.0,48.0,148.0,3.295,11.272727272727273,1.19
2011,Comunicacion,Estatal,Pregrado,5907.0,2451.0,3456.0,1873.0,871.0,1002.0,684.0,197.0,487.0,40.65882352941176,43.56521739130435,28.83529411764706
2011,Comunicacion,Privada,Grado,31836.0,13325.0,18511.0,8762.0,3778.0,4984.0,2885.0,944.0,1941.0,0.2744728804009371,0.41139083780437474,0.19757717742652947
2011,Comunicacion,Privada,Posgrado,998.0,389.0,609.0,310.0,116.0,194.0,87.0,35.0,52.0,10.875,3.4642857142857144,6.946428571428571
2011,Comunicacion,Privada,Pregrado,2721.0,1005.0,1716.0,1324.0,475.0,849.0,1253.0,409.0,844.0,0.38744637615714606,0.8405940594059406,0.22691352449762925
2011,Diseño,Estatal,Grado,37844.0,14021.0,23823.0,6731.0,2405.0,4326.0,1582.0,496.0,1086.0,25.726781857451403,9.765237020316027,15.1414686825054
2011,Diseño,Estatal,Posgrado,517.0,194.0,323.0,335.0,124.0,211.0,70.0,24.0,46.0,0.06484641638225255,0.14755244755244756,0.03894800240915479
2011,Diseño,Estatal,Pregrado,2211.0,872.0,1339.0,688.0,335.0,353.0,28.0,3.0,25.0,0.9370188943317005,0.3759318423855165,0.6102169349195241
2011,Diseño,Privada,Grado,8743.0,2516.0,6227.0,2273.0,663.0,1610.0,486.0,118.0,368.0,0.20478837109876016,0.20580340023009075,0.08274410497582793
2011,Diseño,Privada,Posgrado,142.0,57.0,85.0,58.0,24.0,34.0,17.0,6.0,11.0,0.08517034068136273,0.10967741935483871,0.05711422845691383
2011,Diseño,Privada,Pregrado,3095.0,914.0,2181.0,1042.0,262.0,780.0,643.0,173.0,470.0,1.9613309352517985,1.0372340425531914,0.8219424460431655
2011,Economicas,Estatal,Grado,219747.0,96462.0,123285.0,37858.0,17064.0,20794.0,9701.0,4150.0,5551.0,76.62212554381604,36.35314685314685,59.951522684897455
2011,Economicas,Estatal,Posgrado,9498.0,5243.0,4255.0,2839.0,1629.0,1210.0,711.0,399.0,312.0,0.11243526054328296,0.17976526519090774,0.13854243737448474
2011,Economicas,Estatal,Pregrado,13291.0,6623.0,6668.0,4659.0,2376.0,2283.0,1964.0,854.0,1110.0,12.897485493230175,6.8149253731343284,12.810444874274662
2011,Economicas,Privada,Grado,67586.0,36439.0,31147.0,17937.0,9737.0,8200.0,4338.0,2177.0,2161.0,68.45494505494506,36.771300448430495,80.08571428571429
2011,Economicas,Privada,Posgrado,5818.0,3815.0,2003.0,2486.0,1624.0,862.0,1184.0,788.0,396.0,1.1406605922551254,1.853763440860215,2.1725512528473803
2011,Economicas,Privada,Pregrado,2465.0,1114.0,1351.0,1283.0,587.0,696.0,1161.0,602.0,559.0,0.1545236188951161,0.3062032556093269,0.1274162186892371
2011,Educacion,Estatal,Grado,109652.0,25667.0,83985.0,31540.0,8037.0,23503.0,4870.0,982.0,3888.0,591.443661971831,405.2241379310345,180.75352112676057
2011,Educacion,Estatal,Posgrado,8663.0,2479.0,6184.0,2190.0,688.0,1502.0,545.0,137.0,408.0,1.9980613893376413,1.4414587332053743,0.8009693053311793
2011,Educacion,Estatal,Pregrado,6603.0,1272.0,5331.0,1563.0,353.0,1210.0,416.0,56.0,360.0,0.6179436652370465,0.5283842794759825,0.14744407094007186
2011,Educacion,Privada,Grado,9326.0,2089.0,7237.0,3578.0,857.0,2721.0,1385.0,336.0,1049.0,0.034279082985979537,0.07650134952766531,0.009894846532777567
2011,Educacion,Privada,Posgrado,5442.0,1424.0,4018.0,3553.0,972.0,2581.0,1356.0,301.0,1055.0,0.42303642872183617,0.9091229306093696,0.14992630027374185
2011,Educacion,Privada,Pregrado,116.0,2.0,114.0,41.0,0.0,41.0,39.0,2.0,37.0,0.05347091932457786,0.04581005586592179,0.0009380863039399625
2011,Exactas,Estatal,Grado,18697.0,9438.0,9259.0,4332.0,2057.0,2275.0,672.0,296.0,376.0,0.8297338471189175,0.6044102019128587,0.845774710995609
2011,Exactas,Estatal,Posgrado,2486.0,1087.0,1399.0,416.0,211.0,205.0,299.0,137.0,162.0,0.12700862460281434,0.043085329970575875,0.09868361325465275
2011,Exactas,Estatal,Pregrado,2093.0,702.0,1391.0,605.0,198.0,407.0,453.0,180.0,273.0,0.024588570115430166,0.030882464526898853,0.012409184918067561
2011,Exactas,Privada,Grado,623.0,288.0,335.0,138.0,50.0,88.0,46.0,18.0,28.0,8.58974358974359,2.4444444444444446,7.384615384615385
2011,Exactas,Privada,Pregrado,0.0,0.0,0.0,0.0,0.0,0.0,9.0,2.0,7.0,0.0,0.0,0.0
2011,"Hoteleria, Gastronomia y Turismo",Estatal,Grado,11380.0,3596.0,7784.0,2753.0,920.0,1833.0,352.0,79.0,273.0,5.6817518248175185,2.097254004576659,2.624817518248175
2011,"Hoteleria, Gastronomia y Turismo",Estatal,Posgrado,179.0,113.0,66.0,52.0,24.0,28.0,7.0,3.0,4.0,0.06027397260273973,0.06845965770171149,0.10319634703196347
2011,"Hoteleria, Gastronomia y Turismo",Estatal,Pregrado,4580.0,1547.0,3033.0,1539.0,566.0,973.0,333.0,87.0,246.0,0.3069838056680162,0.26975325755475466,0.15657894736842104
2011,"Hoteleria, Gastronomia y Turismo",Privada,Grado,8701.0,2668.0,6033.0,2204.0,707.0,1497.0,554.0,131.0,423.0,0.06046786673615844,0.053592524970465044,0.02674096941025538
2011,"Hoteleria, Gastronomia y Turismo",Privada,Posgrado,2.0,0.0,2.0,0.0,0.0,0.0,0.0,0.0,0.0,0.021505376344086023,0.0,0.0
2011,"Hoteleria, Gastronomia y Turismo",Privada,Pregrado,948.0,297.0,651.0,369.0,178.0,191.0,267.0,64.0,203.0,0.07596266044340723,0.09026465028355388,0.034655775962660444
2011,Informatica,Estatal,Grado,110714.0,88762.0,21952.0,22243.0,18488.0,3755.0,3360.0,2325.0,1035.0,41.26315789473684,28.446969696969695,166.84586466165413
2011,Informatica,Estatal,Posgrado,2321.0,1532.0,789.0,547.0,389.0,158.0,120.0,85.0,35.0,0.12996211497282162,0.11041229909154437,0.2523472245099654
2011,Informatica,Estatal,Pregrado,22128.0,17514.0,4614.0,7596.0,6181.0,1415.0,1846.0,1423.0,423.0,4.674772036474164,2.2109375,17.74468085106383
2011,Informatica,Privada,Grado,27989.0,24166.0,3823.0,6363.0,5537.0,826.0,1588.0,1315.0,273.0,0.4584482551864732,0.281143635125936,2.8979493944117998
2011,Informatica,Privada,Posgrado,130.0,99.0,31.0,45.0,39.0,6.0,20.0,11.0,9.0,0.006870567375886525,0.0018570102135561746,0.021941489361702128
2011,Informatica,Privada,Pregrado,686.0,612.0,74.0,296.0,257.0,39.0,620.0,543.0,77.0,0.07956989247311828,0.12111801242236025,0.6580645161290323
2011,Ingenieria,Estatal,Grado,108672.0,88077.0,20595.0,21564.0,17170.0,4394.0,4176.0,3266.0,910.0,177.54310344827587,107.17073170731707,759.2844827586207
2011,Ingenieria,Estatal,Posgrado,2237.0,1465.0,772.0,640.0,415.0,225.0,231.0,151.0,80.0,0.04129004653152912,0.05193905817174515,0.07835481628068675
2011,Ingenieria,Estatal,Pregrado,5168.0,4719.0,449.0,1918.0,1770.0,148.0,896.0,768.0,128.0,0.18061142397425584,0.3557692307692308,1.8982300884955752
2011,Ingenieria,Privada,Grado,8169.0,6993.0,1176.0,1712.0,1443.0,269.0,530.0,453.0,77.0,0.5618729096989966,0.4446280991735537,3.3411371237458196
2011,Ingenieria,Privada,Posgrado,52.0,42.0,10.0,20.0,17.0,3.0,9.0,8.0,1.0,0.055248618784530384,0.04918032786885246,0.23204419889502761
2011,Ingenieria,Privada,Pregrado,0.0,0.0,0.0,0.0,0.0,0.0,43.0,36.0,7.0,0.0,0.0,0.0
2011,Juridicas,Estatal,Grado,149557.0,61807.0,87750.0,27059.0,11824.0,15235.0,7524.0,2953.0,4571.0,inf,inf,inf
2011,Juridicas,Estatal,Posgrado,15057.0,6399.0,8658.0,3597.0,1513.0,2084.0,765.0,307.0,458.0,9.861047835990888,7.8641509433962264,7.288154897494305
2011,Juridicas,Estatal,Pregrado,10589.0,5187.0,5402.0,3911.0,1876.0,2035.0,3116.0,1423.0,1693.0,0.5143782136735859,0.8179260450160771,0.493905922681394
2011,Juridicas,Privada,Grado,67719.0,30590.0,37129.0,18495.0,8684.0,9811.0,3694.0,1664.0,2030.0,207.4245810055866,188.67307692307693,170.89385474860336
2011,Juridicas,Privada,Posgrado,6327.0,3288.0,3039.0,2199.0,1084.0,1115.0,536.0,263.0,273.0,9.899022801302932,7.147435897435898,10.710097719869706
2011,Juridicas,Privada,Pregrado,11038.0,5873.0,5165.0,5980.0,3263.0,2717.0,2058.0,1043.0,1015.0,1.2087526328106717,1.9645697758496024,1.374444184413761
2011,Naturales,Estatal,Grado,87857.0,42284.0,45573.0,15430.0,7066.0,8364.0,3630.0,1898.0,1732.0,102.87358916478556,47.52272727272727,95.44920993227991
2011,Naturales,Estatal,Posgrado,10475.0,4551.0,5924.0,2655.0,1222.0,1433.0,1050.0,424.0,626.0,0.7173649794139016,0.7066074950690335,0.551101961734076
2011,Naturales,Estatal,Pregrado,8082.0,4006.0,4076.0,2732.0,1313.0,1419.0,635.0,311.0,324.0,2038.0,inf,2003.0
2011,Naturales,Privada,Grado,7474.0,3558.0,3916.0,1731.0,795.0,936.0,552.0,251.0,301.0,8.074226804123711,3.8518518518518516,7.336082474226804
2011,Naturales,Privada,Posgrado,1195.0,448.0,747.0,837.0,265.0,572.0,158.0,54.0,104.0,1.613390928725702,4.5396825396825395,0.9676025917926566
2011,Naturales,Privada,Pregrado,1158.0,900.0,258.0,441.0,326.0,115.0,167.0,103.0,64.0,0.23411978221415608,0.4291044776119403,0.8166969147005445
2011,Otros,Estatal,Grado,26127.0,13611.0,12516.0,10619.0,5633.0,4986.0,915.0,555.0,360.0,0.11418457833083968,0.22689419795221843,0.12417436047148123
2011,Otros,Estatal,Posgrado,3952.0,1913.0,2039.0,861.0,503.0,358.0,248.0,179.0,69.0,32.36507936507937,6.172413793103448,30.365079365079364
2011,Otros,Estatal,Pregrado,8839.0,4675.0,4164.0,3621.0,1772.0,1849.0,2248.0,918.0,1330.0,1.8441098317094775,3.7811860940695294,2.070416297608503
2011,Otros,Privada,Grado,10052.0,5889.0,4163.0,3675.0,2100.0,1575.0,777.0,542.0,235.0,5.371612903225807,6.274900398406374,7.598709677419355
2011,Otros,Privada,Posgrado,311.0,183.0,128.0,93.0,61.0,32.0,47.0,39.0,8.0,0.005994473844424671,0.004356705241660994,0.008570224324450896
2011,Otros,Privada,Pregrado,1593.0,726.0,867.0,687.0,327.0,360.0,173.0,63.0,110.0,0.4010175763182239,0.34951456310679613,0.33580018501387604
2011,Psicologia,Estatal,Grado,93115.0,17085.0,76030.0,18590.0,4020.0,14570.0,4452.0,581.0,3871.0,2.9438184845316915,2.7320457528595536,0.6615170170751539
2011,Psicologia,Estatal,Posgrado,6028.0,1044.0,4984.0,1240.0,214.0,1026.0,238.0,32.0,206.0,38.33846153846154,22.8,8.03076923076923
2011,Psicologia,Estatal,Pregrado,2706.0,464.0,2242.0,1155.0,200.0,955.0,251.0,25.0,226.0,18.683333333333334,14.253731343283581,3.8666666666666667
2011,Psicologia,Privada,Grado,28210.0,4766.0,23444.0,6453.0,1099.0,5354.0,2340.0,306.0,2034.0,41.420494699646646,23.37991266375546,8.420494699646643
2011,Psicologia,Privada,Posgrado,2133.0,487.0,1646.0,1140.0,282.0,858.0,226.0,59.0,167.0,12.102941176470589,19.066666666666666,3.5808823529411766
2011,Psicologia,Privada,Pregrado,481.0,95.0,386.0,129.0,25.0,104.0,232.0,33.0,199.0,0.003556423675093978,0.0048329383335656865,0.000875285619517948
2011,Salud,Estatal,Grado,184482.0,50113.0,134369.0,39779.0,10271.0,29508.0,10169.0,2798.0,7371.0,60.066607063030844,46.10625,22.401877514528387
2011,Salud,Estatal,Posgrado,13868.0,4946.0,8922.0,3028.0,1180.0,1848.0,1596.0,701.0,895.0,1.7263931888544892,0.9635036496350365,0.9570433436532507
2011,Salud,Estatal,Pregrado,14889.0,3258.0,11631.0,4645.0,1022.0,3623.0,3027.0,558.0,2469.0,1.4237972824091076,2.116238317757009,0.39882482556004406
2011,Salud,Privada,Grado,47204.0,13994.0,33210.0,13585.0,3978.0,9607.0,5628.0,1361.0,4267.0,638.6538461538462,480.35,269.11538461538464
2011,Salud,Privada,Posgrado,6031.0,2503.0,3528.0,2211.0,942.0,1269.0,848.0,377.0,471.0,inf,inf,inf
2011,Salud,Privada,Pregrado,2169.0,591.0,1578.0,904.0,201.0,703.0,3143.0,975.0,2168.0,1.2484177215189873,0.7559139784946236,0.4675632911392405
2011,Sociales,Estatal,Grado,69479.0,30076.0,39403.0,14059.0,6397.0,7662.0,2026.0,852.0,1174.0,0.2657104516059423,0.29323739905851737,0.2028146979290998
2011,Sociales,Estatal,Posgrado,11333.0,4340.0,6993.0,3159.0,1276.0,1883.0,787.0,290.0,497.0,0.46443514644351463,0.5234917987211565,0.2882380288238029
2011,Sociales,Estatal,Pregrado,4019.0,1531.0,2488.0,1251.0,451.0,800.0,703.0,264.0,439.0,1.2680937818552498,1.2232415902140672,0.7803261977573904
2011,Sociales,Privada,Grado,17211.0,6715.0,10496.0,5821.0,2336.0,3485.0,1110.0,352.0,758.0,1.216645415555813,1.0700030703101013,0.7783702329894517
2011,Sociales,Privada,Posgrado,2431.0,1079.0,1352.0,964.0,379.0,585.0,321.0,132.0,189.0,0.05841434435083171,0.06476970770593446,0.046619140203067615
2011,Sociales,Privada,Pregrado,166.0,93.0,73.0,25.0,13.0,12.0,330.0,121.0,209.0,0.0016377260286265535,0.001268096798055585,0.0020864180912639656
2012,Arquitectura y Urbanismo,Estatal,Grado,50756.0,25930.0,24826.0,7751.0,3864.0,3887.0,1995.0,904.0,1091.0,3.923818555397503,1.7676216462028194,4.098308835150941
2012,Arquitectura y Urbanismo,Estatal,Posgrado,1075.0,428.0,647.0,368.0,161.0,207.0,45.0,16.0,29.0,0.09376811594202898,0.04801670146137787,0.06202898550724638
2012,Arquitectura y Urbanismo,Estatal,Pregrado,108.0,94.0,14.0,29.0,25.0,4.0,64.0,18.0,46.0,0.0033832769453842437,0.002396644697423607,0.022716288061865635
2012,Arquitectura y Urbanismo,Privada,Grado,9046.0,4699.0,4347.0,1698.0,865.0,833.0,499.0,204.0,295.0,1.565922190201729,0.8805496828752643,1.6927233429394812
2012,Arquitectura y Urbanismo,Privada,Posgrado,117.0,41.0,76.0,55.0,15.0,40.0,5.0,0.0,5.0,0.0008932664167087833,0.0027616680475006906,0.00048189372480342263
2012,Arquitectura y Urbanismo,Privada,Pregrado,0.0,0.0,0.0,0.0,0.0,0.0,6.0,3.0,3.0,0.0,0.0,0.0
2012,Artes,Estatal,Grado,43884.0,18467.0,25417.0,11528.0,5474.0,6054.0,642.0,184.0,458.0,2.4280664883454337,2.2862537764350455,1.7641383263278563
2012,Artes,Estatal,Posgrado,1539.0,463.0,1076.0,520.0,176.0,344.0,58.0,23.0,35.0,1.6452599388379205,1.8797814207650274,0.7079510703363915
2012,Artes,Estatal,Pregrado,2385.0,1314.0,1071.0,1032.0,547.0,485.0,214.0,111.0,103.0,0.14418416801292408,0.19027069438995683,0.17689822294022617
2012,Artes,Privada,Grado,3383.0,1348.0,2035.0,926.0,358.0,568.0,234.0,83.0,151.0,4.239583333333333,3.2457142857142856,2.808333333333333
2012,Artes,Privada,Posgrado,25.0,9.0,16.0,17.0,8.0,9.0,1.0,1.0,0.0,0.002287675150128682,0.005784061696658098,0.0012868172719473834
2012,Artes,Privada,Pregrado,1356.0,722.0,634.0,435.0,221.0,214.0,172.0,71.0,101.0,0.5305439330543933,0.25567502986857826,0.6041841004184101
2012,Comunicacion,Estatal,Grado,67009.0,22636.0,44373.0,12987.0,4826.0,8161.0,2210.0,597.0,1613.0,inf,inf,inf
2012,Comunicacion,Estatal,Posgrado,5136.0,1645.0,3491.0,1059.0,354.0,705.0,143.0,33.0,110.0,3.0146804835924006,1.598639455782313,1.420552677029361
2012,Comunicacion,Estatal,Pregrado,7917.0,3039.0,4878.0,2145.0,1012.0,1133.0,655.0,206.0,449.0,9.583497053045187,3.147222222222222,5.970530451866405
2012,Comunicacion,Privada,Grado,32174.0,13354.0,18820.0,8912.0,3703.0,5209.0,3106.0,1028.0,2078.0,0.7346397064563979,0.5077492933034409,0.5212741041455227
2012,Comunicacion,Privada,Posgrado,863.0,330.0,533.0,379.0,139.0,240.0,109.0,40.0,69.0,0.13486842105263158,0.2787456445993031,0.08350202429149797
2012,Comunicacion,Privada,Pregrado,3055.0,1196.0,1859.0,1527.0,613.0,914.0,1103.0,343.0,760.0,1.3335724533715925,1.6263345195729537,0.8579626972740315
2012,Diseño,Estatal,Grado,35910.0,13390.0,22520.0,6546.0,2556.0,3990.0,1186.0,430.0,756.0,3.0248488918737406,1.3043478260869565,1.7985224983210208
2012,Diseño,Estatal,Posgrado,235.0,80.0,155.0,119.0,39.0,80.0,54.0,25.0,29.0,0.19472361809045227,0.1937046004842615,0.10050251256281408
2012,Diseño,Estatal,Pregrado,2426.0,968.0,1458.0,722.0,298.0,424.0,51.0,15.0,36.0,0.15751944684528954,0.12998160637645617,0.10458081244598098
2012,Diseño,Privada,Grado,9003.0,2627.0,6376.0,2547.0,766.0,1781.0,569.0,98.0,471.0,20.5016077170418,19.150537634408604,8.446945337620578
2012,Diseño,Privada,Posgrado,121.0,49.0,72.0,49.0,22.0,27.0,29.0,9.0,20.0,0.11631663974151858,0.07049608355091384,0.0791599353796446
2012,Diseño,Privada,Pregrado,2996.0,828.0,2168.0,968.0,224.0,744.0,631.0,192.0,439.0,2.2258726899383983,2.4473684210526314,0.8501026694045175
2012,Economicas,Estatal,Grado,215330.0,95138.0,120192.0,39107.0,17794.0,21313.0,8768.0,3732.0,5036.0,306.61224489795916,355.21666666666664,242.69897959183675
2012,Economicas,Estatal,Posgrado,10104.0,5568.0,4536.0,3355.0,1856.0,1499.0,616.0,366.0,250.0,0.04891990121113424,0.08089584457636266,0.060049825825307636
2012,Economicas,Estatal,Pregrado,14535.0,7142.0,7393.0,5181.0,2610.0,2571.0,2376.0,1060.0,1316.0,9.870493991989319,32.96153846153846,9.535380507343124
2012,Economicas,Privada,Grado,69881.0,37555.0,32326.0,18298.0,10046.0,8252.0,4676.0,2225.0,2451.0,6.123508240197007,7.101549053356282,7.114036749384353
2012,Economicas,Privada,Posgrado,5976.0,3927.0,2049.0,2462.0,1638.0,824.0,1123.0,761.0,362.0,0.7572062084257206,0.7134199134199134,1.451219512195122
2012,Economicas,Privada,Pregrado,2718.0,1145.0,1573.0,1453.0,651.0,802.0,1204.0,571.0,633.0,3.763157894736842,5.940740740740741,2.7392344497607657
2012,Educacion,Estatal,Grado,111211.0,26262.0,84949.0,29910.0,7858.0,22052.0,5248.0,1043.0,4205.0,3.0565990213010936,3.4903450459006016,0.9449481865284974
2012,Educacion,Estatal,Posgrado,9743.0,2842.0,6901.0,2198.0,641.0,1557.0,516.0,147.0,369.0,13.531372549019608,3.68957345971564,5.572549019607843
2012,Educacion,Estatal,Pregrado,4155.0,812.0,3343.0,868.0,242.0,626.0,504.0,123.0,381.0,2.0597658656808377,0.871866295264624,0.5003080714725816
2012,Educacion,Privada,Grado,9528.0,2298.0,7230.0,3639.0,980.0,2659.0,1444.0,357.0,1087.0,15.03118503118503,20.612403100775193,4.777546777546777
2012,Educacion,Privada,Posgrado,5484.0,1433.0,4051.0,3541.0,967.0,2574.0,1384.0,305.0,1079.0,4.715948777648428,9.326086956521738,1.6682188591385332
2012,Educacion,Privada,Pregrado,51.0,0.0,51.0,1.0,0.0,1.0,71.0,1.0,70.0,0.00027774298426667683,2.531453307343746e-05,0.0
2012,Exactas,Estatal,Grado,18890.0,9631.0,9259.0,4361.0,2094.0,2267.0,662.0,305.0,357.0,0.6676521488318431,0.7486789960369881,0.6944764926449379
2012,Exactas,Estatal,Posgrado,2895.0,1230.0,1665.0,609.0,284.0,325.0,327.0,136.0,191.0,0.7446332737030411,0.3873659117997616,0.5500894454382826
2012,Exactas,Estatal,Pregrado,1670.0,548.0,1122.0,483.0,164.0,319.0,501.0,206.0,295.0,0.0886746226191417,0.0838150289017341,0.043309886983324115
2012,Exactas,Privada,Grado,662.0,294.0,368.0,141.0,64.0,77.0,26.0,11.0,15.0,0.16524472384373598,0.05252387448840382,0.13201616524472384
2012,Exactas,Privada,Pregrado,0.0,0.0,0.0,0.0,0.0,0.0,1.0,1.0,0.0,0.0,0.0,0.0
2012,"Hoteleria, Gastronomia y Turismo",Estatal,Grado,11993.0,3710.0,8283.0,2946.0,960.0,1986.0,380.0,67.0,313.0,591.6428571428571,inf,265.0
2012,"Hoteleria, Gastronomia y Turismo",Estatal,Posgrado,379.0,143.0,236.0,81.0,31.0,50.0,6.0,3.0,3.0,0.039222203756024594,0.022614201718679332,0.02376599634369287
2012,"Hoteleria, Gastronomia y Turismo",Estatal,Pregrado,4611.0,1603.0,3008.0,1667.0,600.0,1067.0,313.0,82.0,231.0,1.3868142000922083,1.1803097345132743,0.7390502535730752
2012,"Hoteleria, Gastronomia y Turismo",Privada,Grado,8408.0,2987.0,5421.0,2141.0,795.0,1346.0,558.0,143.0,415.0,1.1831078131820165,0.7613122171945701,0.6518987341772152
2012,"Hoteleria, Gastronomia y Turismo",Privada,Pregrado,957.0,299.0,658.0,381.0,181.0,200.0,283.0,77.0,206.0,0.010139143565958365,0.016272068993572534,0.004607300799728801
2012,Informatica,Estatal,Grado,108612.0,88084.0,20528.0,22167.0,18619.0,3548.0,3035.0,2324.0,711.0,1.8113473925703698,1.1231402342513455,7.7723462454778085
2012,Informatica,Estatal,Posgrado,2850.0,1922.0,928.0,577.0,402.0,175.0,145.0,101.0,44.0,0.9488752556237219,0.3771551724137931,1.965235173824131
2012,Informatica,Estatal,Pregrado,22189.0,17749.0,4440.0,7886.0,6408.0,1478.0,1812.0,1459.0,353.0,1.4600460374876685,1.878017789072427,5.836566918776718
2012,Informatica,Privada,Grado,26421.0,22880.0,3541.0,5777.0,4954.0,823.0,1925.0,1567.0,358.0,1.044542772861357,0.401267674305217,6.7492625368731565
2012,Informatica,Privada,Posgrado,166.0,118.0,48.0,78.0,52.0,26.0,14.0,13.0,1.0,0.0034729759062296505,0.006896551724137931,0.008537732436147891
2012,Informatica,Privada,Pregrado,958.0,831.0,127.0,501.0,429.0,72.0,632.0,532.0,100.0,1.233009708737864,1.8461538461538463,8.067961165048544
2012,Ingenieria,Estatal,Grado,112469.0,90567.0,21902.0,23039.0,17910.0,5129.0,4087.0,3353.0,734.0,9.40807560137457,5.544864864864865,38.90335051546392
2012,Ingenieria,Estatal,Posgrado,2943.0,1988.0,955.0,807.0,569.0,238.0,296.0,189.0,107.0,5.753012048192771,9.52,11.975903614457831
2012,Ingenieria,Estatal,Pregrado,5127.0,4759.0,368.0,2071.0,1926.0,145.0,937.0,823.0,114.0,0.00725037433997951,0.018707263578893046,0.09376231381511546
2012,Ingenieria,Privada,Grado,7941.0,6712.0,1229.0,1580.0,1298.0,282.0,675.0,549.0,126.0,1.1432558139534883,0.7663043478260869,6.243720930232558
2012,Ingenieria,Privada,Posgrado,86.0,72.0,14.0,44.0,42.0,2.0,7.0,5.0,2.0,0.12962962962962962,0.06896551724137931,0.6666666666666666
2012,Ingenieria,Privada,Pregrado,0.0,0.0,0.0,0.0,0.0,0.0,14.0,7.0,7.0,0.0,0.0,0.0
2012,Juridicas,Estatal,Grado,146180.0,59929.0,86251.0,27083.0,11445.0,15638.0,7995.0,3043.0,4952.0,737.1880341880342,284.3272727272727,512.2136752136752
2012,Juridicas,Estatal,Posgrado,15528.0,6396.0,9132.0,3381.0,1301.0,2080.0,923.0,371.0,552.0,inf,inf,inf
2012,Juridicas,Estatal,Pregrado,10843.0,5334.0,5509.0,3564.0,1725.0,1839.0,3371.0,1523.0,1848.0,26.485576923076923,26.652173913043477,25.64423076923077
2012,Juridicas,Privada,Grado,70470.0,31708.0,38762.0,19619.0,9187.0,10432.0,3923.0,1666.0,2257.0,0.8874896968586867,0.9103761235709922,0.7259822328052019
2012,Juridicas,Privada,Posgrado,5436.0,2728.0,2708.0,2319.0,1229.0,1090.0,561.0,323.0,238.0,1.7595841455490577,2.0961538461538463,1.7725795971410006
2012,Juridicas,Privada,Pregrado,12481.0,6592.0,5889.0,6445.0,3452.0,2993.0,2506.0,1186.0,1320.0,33.271186440677965,34.40229885057471,37.24293785310734
2012,Naturales,Estatal,Grado,89036.0,42616.0,46420.0,16293.0,7378.0,8915.0,3718.0,1943.0,1775.0,21.02355072463768,9.433862433862434,19.30072463768116
2012,Naturales,Estatal,Posgrado,10286.0,4387.0,5899.0,2479.0,1075.0,1404.0,1615.0,648.0,967.0,1.743718592964824,1.5161987041036717,1.2967780076854862
2012,Naturales,Estatal,Pregrado,7605.0,3580.0,4025.0,2545.0,1267.0,1278.0,550.0,242.0,308.0,161.0,75.17647058823529,143.2
2012,Naturales,Privada,Grado,8044.0,3843.0,4201.0,1906.0,927.0,979.0,492.0,223.0,269.0,3.0980825958702063,2.250574712643678,2.834070796460177
2012,Naturales,Privada,Posgrado,1076.0,428.0,648.0,256.0,140.0,116.0,90.0,52.0,38.0,6.05607476635514,3.8666666666666667,4.0
2012,Naturales,Privada,Pregrado,1151.0,896.0,255.0,425.0,317.0,108.0,142.0,79.0,63.0,0.003811545245284147,0.008335262792313036,0.013392723685390571
2012,Otros,Estatal,Grado,30466.0,16192.0,14274.0,11738.0,6301.0,5437.0,972.0,589.0,383.0,195.53424657534248,159.91176470588235,221.8082191780822
2012,Otros,Estatal,Posgrado,2310.0,1408.0,902.0,843.0,549.0,294.0,279.0,202.0,77.0,0.17815524392652576,0.2868292682926829,0.2780959905194549
2012,Otros,Estatal,Pregrado,8236.0,4246.0,3990.0,2822.0,1337.0,1485.0,2622.0,1124.0,1498.0,4.322860238353196,3.477751756440281,4.600216684723727
2012,Otros,Privada,Grado,12227.0,6984.0,5243.0,4454.0,2637.0,1817.0,909.0,587.0,322.0,0.7496425507577924,1.0576251455180443,0.9985702030311696
2012,Otros,Privada,Posgrado,231.0,152.0,79.0,104.0,71.0,33.0,50.0,37.0,13.0,0.03985872855701312,0.026785714285714284,0.07669021190716448
2012,Otros,Privada,Pregrado,2922.0,1639.0,1283.0,1999.0,1206.0,793.0,249.0,118.0,131.0,0.042494700582935876,0.10325520833333333,0.05428590355060943
2012,Psicologia,Estatal,Grado,92258.0,17331.0,74927.0,19867.0,4270.0,15597.0,4095.0,530.0,3565.0,86.8215527230591,41.15303430079155,20.082271147161066
2012,Psicologia,Estatal,Posgrado,5804.0,991.0,4813.0,1077.0,232.0,845.0,229.0,40.0,189.0,3.212950600801068,0.8526740665993946,0.6615487316421896
2012,Psicologia,Estatal,Pregrado,2596.0,441.0,2155.0,754.0,135.0,619.0,269.0,36.0,233.0,1.3840719332048812,1.1548507462686568,0.2832369942196532
2012,Psicologia,Privada,Grado,28692.0,4971.0,23721.0,6173.0,1179.0,4994.0,2864.0,353.0,2511.0,0.6605680868838764,0.7629086465016804,0.13842940685045949
2012,Psicologia,Privada,Posgrado,2414.0,563.0,1851.0,1255.0,287.0,968.0,276.0,70.0,206.0,7.876595744680851,8.134453781512605,2.3957446808510636
2012,Psicologia,Privada,Pregrado,534.0,104.0,430.0,156.0,32.0,124.0,167.0,23.0,144.0,0.8669354838709677,0.5714285714285714,0.20967741935483872
2012,Salud,Estatal,Grado,186599.0,51132.0,135467.0,41395.0,11084.0,30311.0,10184.0,2901.0,7283.0,70.19015544041451,60.02178217821782,26.493264248704662
2012,Salud,Estatal,Posgrado,16678.0,6146.0,10532.0,4289.0,1529.0,2760.0,1965.0,761.0,1204.0,1.1698322781295123,1.083627797408716,0.6826613351105187
2012,Salud,Estatal,Pregrado,14626.0,3313.0,11313.0,4375.0,1139.0,3236.0,2985.0,570.0,2415.0,93.49586776859505,66.04081632653062,27.380165289256198
2012,Salud,Privada,Grado,51224.0,14997.0,36227.0,13496.0,4033.0,9463.0,5626.0,1312.0,4314.0,12.091789052069426,9.775826446280991,5.0056742323097465
2012,Salud,Privada,Posgrado,6609.0,2775.0,3834.0,2297.0,956.0,1341.0,864.0,370.0,494.0,0.38517179023508136,0.4674102474729871,0.27878239903556357
2012,Salud,Privada,Pregrado,2234.0,597.0,1637.0,766.0,209.0,557.0,1800.0,402.0,1398.0,0.007970746338423184,0.015370605441801424,0.0029068635088812713
2012,Sociales,Estatal,Grado,69923.0,30659.0,39264.0,14872.0,6855.0,8017.0,2304.0,916.0,1388.0,688.8421052631579,140.64912280701753,537.8771929824561
2012,Sociales,Estatal,Posgrado,15295.0,5821.0,9474.0,3541.0,1438.0,2103.0,745.0,303.0,442.0,0.9429680501642281,0.6376591873862947,0.5793769284363491
2012,Sociales,Estatal,Pregrado,3096.0,1163.0,1933.0,934.0,341.0,593.0,721.0,298.0,423.0,0.7698128235762645,0.959546925566343,0.4631620868180008
2012,Sociales,Privada,Grado,17916.0,6921.0,10995.0,5505.0,2209.0,3296.0,1376.0,438.0,938.0,0.9144211576846307,0.7223317992548762,0.5755988023952096
2012,Sociales,Privada,Posgrado,2446.0,1082.0,1364.0,990.0,410.0,580.0,398.0,144.0,254.0,0.11230034579285361,0.10935143288084465,0.08908282562160381
2012,Sociales,Privada,Pregrado,137.0,56.0,81.0,91.0,39.0,52.0,186.0,62.0,124.0,0.0014029618082618861,0.004001847006310605,0.0009699489044773535
2013,Arquitectura y Urbanismo,Estatal,Grado,50824.0,25585.0,25239.0,7296.0,3500.0,3796.0,2469.0,1078.0,1391.0,647.1538461538462,105.44444444444444,656.025641025641
2013,Arquitectura y Urbanismo,Estatal,Posgrado,1470.0,592.0,878.0,448.0,180.0,268.0,62.0,29.0,33.0,0.14788613778002357,0.11046990931574609,0.09971366009769243
2013,Arquitectura y Urbanismo,Estatal,Pregrado,114.0,97.0,17.0,29.0,24.0,5.0,153.0,45.0,108.0,0.009518477043673012,0.00458295142071494,0.05431131019036954
2013,Arquitectura y Urbanismo,Privada,Grado,9258.0,4762.0,4496.0,1686.0,884.0,802.0,513.0,221.0,292.0,4.824034334763948,2.2154696132596685,5.109442060085837
2013,Arquitectura y Urbanismo,Privada,Posgrado,109.0,42.0,67.0,16.0,6.0,10.0,10.0,1.0,9.0,0.006263438347200149,0.0030084235860409147,0.003926334486304571
2013,Arquitectura y Urbanismo,Privada,Pregrado,0.0,0.0,0.0,0.0,0.0,0.0,2.0,1.0,1.0,0.0,0.0,0.0
2013,Artes,Estatal,Grado,46190.0,19624.0,26566.0,11961.0,5206.0,6755.0,756.0,263.0,493.0,199.74436090225564,168.875,147.54887218045113
2013,Artes,Estatal,Posgrado,1194.0,351.0,843.0,344.0,101.0,243.0,32.0,11.0,21.0,0.08772112382934444,0.11260426320667284,0.036524453694068676
2013,Artes,Estatal,Pregrado,2872.0,1626.0,1246.0,1278.0,714.0,564.0,196.0,108.0,88.0,3.107231920199501,8.676923076923076,4.054862842892768
2013,Artes,Privada,Grado,3419.0,1350.0,2069.0,1057.0,424.0,633.0,297.0,111.0,186.0,0.5511454448588172,0.788293897882939,0.35961640916355886
2013,Artes,Privada,Posgrado,31.0,14.0,17.0,13.0,5.0,8.0,1.0,0.0,1.0,0.013302034428794992,0.011730205278592375,0.010954616588419406
2013,Artes,Privada,Pregrado,1343.0,750.0,593.0,500.0,268.0,232.0,269.0,113.0,156.0,0.07187878787878788,0.07845789651673994,0.09090909090909091
2013,Comunicacion,Estatal,Grado,65350.0,22083.0,43267.0,12194.0,4453.0,7741.0,1888.0,569.0,1319.0,9.578702678769094,2.3899351651744367,4.888864290458269
2013,Comunicacion,Estatal,Posgrado,5455.0,1826.0,3629.0,1120.0,354.0,766.0,202.0,63.0,139.0,3.752843846949328,2.5364238410596025,1.8883143743536712
2013,Comunicacion,Estatal,Pregrado,7791.0,3133.0,4658.0,2086.0,1010.0,1076.0,811.0,281.0,530.0,91.33333333333333,1076.0,61.431372549019606
2013,Comunicacion,Privada,Grado,31492.0,13185.0,18307.0,8679.0,3794.0,4885.0,2635.0,867.0,1768.0,0.9691371095817893,1.1201559275395552,0.6979883536262573
2013,Comunicacion,Privada,Posgrado,981.0,372.0,609.0,356.0,142.0,214.0,100.0,30.0,70.0,0.21036269430051813,0.35139573070607555,0.12849740932642487
2013,Comunicacion,Privada,Pregrado,2921.0,1104.0,1817.0,1391.0,530.0,861.0,972.0,283.0,689.0,1.0880239520958084,1.7826086956521738,0.6610778443113773
2013,Diseño,Estatal,Grado,35374.0,13155.0,22219.0,6523.0,2609.0,3914.0,1640.0,513.0,1127.0,100.99545454545455,59.303030303030305,59.79545454545455
2013,Diseño,Estatal,Posgrado,399.0,147.0,252.0,125.0,47.0,78.0,110.0,46.0,64.0,0.5701357466063348,1.04,0.332579185520362
2013,Diseño,Estatal,Pregrado,2203.0,803.0,1400.0,580.0,224.0,356.0,45.0,16.0,29.0,inf,inf,inf
2013,Diseño,Privada,Grado,9272.0,2694.0,6578.0,2720.0,826.0,1894.0,513.0,114.0,399.0,6.00730593607306,7.36964980544747,2.4602739726027396
2013,Diseño,Privada,Posgrado,112.0,50.0,62.0,47.0,24.0,23.0,21.0,6.0,15.0,0.005689117269223711,0.008553365563406471,0.004587997797761057
2013,Diseño,Privada,Pregrado,2937.0,864.0,2073.0,1056.0,328.0,728.0,616.0,141.0,475.0,5.469656992084433,8.987654320987655,2.2796833773087073
2013,Economicas,Estatal,Grado,211360.0,92431.0,118929.0,38912.0,17166.0,21746.0,8584.0,3642.0,4942.0,373.99056603773585,131.79393939393938,290.6635220125786
2013,Economicas,Estatal,Posgrado,10479.0,5688.0,4791.0,2765.0,1463.0,1302.0,721.0,422.0,299.0,1.1160027952480782,0.8668442077230359,1.3249475890985325
2013,Economicas,Estatal,Pregrado,14707.0,7063.0,7644.0,5317.0,2554.0,2763.0,2567.0,1144.0,1423.0,12.825503355704697,8.527777777777779,11.850671140939598
2013,Economicas,Privada,Grado,70155.0,37837.0,32318.0,17930.0,9908.0,8022.0,4969.0,2414.0,2555.0,4.136968766001024,4.414969730324711,4.8434459805427545
2013,Economicas,Privada,Posgrado,6950.0,4550.0,2400.0,2556.0,1618.0,938.0,1236.0,865.0,371.0,4.8681541582150105,3.8442622950819674,9.22920892494929
2013,Economicas,Privada,Pregrado,2860.0,1229.0,1631.0,1492.0,703.0,789.0,1005.0,478.0,527.0,3.5150862068965516,5.759124087591241,2.648706896551724
2013,Educacion,Estatal,Grado,113446.0,27287.0,86159.0,30200.0,7944.0,22256.0,5827.0,1123.0,4704.0,71.62011637572735,73.45214521452145,22.68246051537822
2013,Educacion,Estatal,Posgrado,10358.0,2976.0,7382.0,2660.0,753.0,1907.0,821.0,265.0,556.0,0.0687279464476906,0.08722100256128797,0.02770717537636511
2013,Educacion,Estatal,Pregrado,5192.0,1148.0,4044.0,2038.0,583.0,1455.0,431.0,96.0,335.0,72.21428571428571,inf,20.5
2013,Educacion,Privada,Grado,11812.0,2822.0,8990.0,4598.0,1247.0,3351.0,2016.0,451.0,1565.0,3.217609162491052,5.807625649913345,1.0100214745884037
2013,Educacion,Privada,Posgrado,7006.0,1502.0,5504.0,2241.0,456.0,1785.0,1482.0,255.0,1227.0,7.51912568306011,7.628205128205129,2.051912568306011
2013,Educacion,Privada,Pregrado,59.0,3.0,56.0,15.0,0.0,15.0,21.0,2.0,19.0,0.0026098709045998974,0.0019602718243596443,0.00013981451274642308
2013,Exactas,Estatal,Grado,19418.0,9901.0,9517.0,4514.0,2208.0,2306.0,583.0,292.0,291.0,4.389760147601476,2.015734265734266,4.566881918819188
2013,Exactas,Estatal,Posgrado,3028.0,1452.0,1576.0,545.0,272.0,273.0,389.0,197.0,192.0,0.06498165175442214,0.05892510252536154,0.05986888220014019
2013,Exactas,Estatal,Pregrado,1829.0,581.0,1248.0,824.0,265.0,559.0,670.0,255.0,415.0,7.518072289156627,7.166666666666667,3.5
2013,Exactas,Privada,Grado,607.0,256.0,351.0,118.0,43.0,75.0,37.0,13.0,24.0,1.7462686567164178,0.5514705882352942,1.2736318407960199
2013,Exactas,Privada,Pregrado,0.0,0.0,0.0,0.0,0.0,0.0,1.0,0.0,1.0,0.0,0.0,0.0
2013,"Hoteleria, Gastronomia y Turismo",Estatal,Grado,11340.0,3326.0,8014.0,2819.0,854.0,1965.0,416.0,84.0,332.0,68.4957264957265,41.808510638297875,28.427350427350426
2013,"Hoteleria, Gastronomia y Turismo",Estatal,Posgrado,404.0,152.0,252.0,68.0,27.0,41.0,18.0,8.0,10.0,0.0022429507262888065,0.0017832289491997216,0.0013528909142694388
2013,"Hoteleria, Gastronomia y Turismo",Estatal,Pregrado,4460.0,1529.0,2931.0,1646.0,573.0,1073.0,386.0,96.0,290.0,0.9959225280326198,1.3296158612143743,0.5195378865103636
2013,"Hoteleria, Gastronomia y Turismo",Privada,Grado,8415.0,2981.0,5434.0,2287.0,793.0,1494.0,628.0,163.0,465.0,1.0598790715818218,0.7213906325446644,0.5814316364345621
2013,"Hoteleria, Gastronomia y Turismo",Privada,Pregrado,918.0,274.0,644.0,365.0,171.0,194.0,266.0,75.0,191.0,0.08109809847626244,0.12278481012658228,0.034504470469714145
2013,Informatica,Estatal,Grado,100143.0,82026.0,18117.0,18368.0,15514.0,2854.0,2803.0,2141.0,662.0,210.6627906976744,64.86363636363636,953.7906976744187
2013,Informatica,Estatal,Posgrado,2996.0,2031.0,965.0,690.0,488.0,202.0,179.0,116.0,63.0,inf,inf,inf
2013,Informatica,Estatal,Pregrado,21746.0,17536.0,4210.0,7844.0,6242.0,1602.0,1724.0,1397.0,327.0,9.952718676122931,10.402597402597403,41.456264775413715
2013,Informatica,Privada,Grado,24676.0,21500.0,3176.0,5090.0,4451.0,639.0,1514.0,1253.0,261.0,0.02178969106114972,0.023729065319915334,0.1475057801683624
2013,Informatica,Privada,Posgrado,230.0,164.0,66.0,92.0,72.0,20.0,29.0,14.0,15.0,0.004250386398763524,0.005915409642117717,0.01056156620298815
2013,Informatica,Privada,Pregrado,907.0,808.0,99.0,368.0,320.0,48.0,491.0,434.0,57.0,0.04667609618104668,0.05442176870748299,0.38095238095238093
2013,Ingenieria,Estatal,Grado,114178.0,90899.0,23279.0,22856.0,17463.0,5393.0,4036.0,3235.0,801.0,2.668997936253153,2.010812826249068,10.421806925017197
2013,Ingenieria,Estatal,Posgrado,3374.0,2365.0,1009.0,901.0,619.0,282.0,419.0,279.0,140.0,0.03909034557570122,0.0283987915407855,0.09162405082907175
2013,Ingenieria,Estatal,Pregrado,5281.0,4886.0,395.0,2154.0,1981.0,173.0,1055.0,899.0,156.0,0.008844999776075954,0.017855299824543296,0.1094092883693851
2013,Ingenieria,Privada,Grado,8040.0,6710.0,1330.0,1703.0,1411.0,292.0,655.0,551.0,104.0,0.24466519499632083,0.12591634325140147,1.2343635025754232
2013,Ingenieria,Privada,Posgrado,73.0,63.0,10.0,11.0,9.0,2.0,10.0,6.0,4.0,0.0011652295502213937,0.00040666937779585197,0.00734094616639478
2013,Ingenieria,Privada,Pregrado,0.0,0.0,0.0,0.0,0.0,0.0,25.0,19.0,6.0,0.0,0.0,0.0
2013,Juridicas,Estatal,Grado,141786.0,58167.0,83619.0,26439.0,11203.0,15236.0,8369.0,3228.0,5141.0,41.45711452652454,17.41257142857143,28.838373822508675
2013,Juridicas,Estatal,Posgrado,15383.0,6430.0,8953.0,2888.0,1253.0,1635.0,1054.0,427.0,627.0,0.10288557671313162,0.1060448826047477,0.07389190866362519
2013,Juridicas,Estatal,Pregrado,10326.0,4974.0,5352.0,3126.0,1527.0,1599.0,4334.0,1858.0,2476.0,148.66666666666666,84.15789473684211,138.16666666666666
2013,Juridicas,Privada,Grado,72563.0,32798.0,39765.0,18833.0,8746.0,10087.0,4628.0,1971.0,2657.0,3.879512195121951,4.100406504065041,3.1998048780487807
2013,Juridicas,Privada,Posgrado,5590.0,2688.0,2902.0,2299.0,1058.0,1241.0,538.0,288.0,250.0,4.820598006644518,5.59009009009009,4.465116279069767
2013,Juridicas,Privada,Pregrado,12537.0,6671.0,5866.0,5462.0,2967.0,2495.0,2716.0,1345.0,1371.0,0.8376410109952878,1.0740421868273784,0.9525917463944024
2013,Naturales,Estatal,Grado,87409.0,41414.0,45995.0,15627.0,7106.0,8521.0,4214.0,2144.0,2070.0,80.97711267605634,31.794776119402986,72.91197183098592
2013,Naturales,Estatal,Posgrado,11179.0,5029.0,6150.0,2454.0,1101.0,1353.0,1282.0,511.0,771.0,0.8226324237560193,0.826007326007326,0.6726859283039058
2013,Naturales,Estatal,Pregrado,8761.0,4282.0,4479.0,3139.0,1582.0,1557.0,609.0,273.0,336.0,4.162639405204461,6.08203125,3.979553903345725
2013,Naturales,Privada,Grado,8039.0,3802.0,4237.0,1921.0,880.0,1041.0,564.0,268.0,296.0,inf,inf,inf
2013,Naturales,Privada,Posgrado,675.0,355.0,320.0,262.0,151.0,111.0,93.0,65.0,28.0,0.27801911381407474,0.2611764705882353,0.30842745438748914
2013,Naturales,Privada,Pregrado,1141.0,891.0,250.0,421.0,319.0,102.0,203.0,114.0,89.0,0.49504950495049505,0.28895184135977336,1.7643564356435644
2013,Otros,Estatal,Grado,30405.0,16057.0,14348.0,11619.0,6022.0,5597.0,1121.0,701.0,420.0,0.4788892226561196,0.49161176987263944,0.5359300423884383
2013,Otros,Estatal,Posgrado,2606.0,1545.0,1061.0,634.0,390.0,244.0,370.0,242.0,128.0,0.45930735930735933,0.28944246737841045,0.6688311688311688
2013,Otros,Estatal,Pregrado,8182.0,4075.0,4107.0,2743.0,1363.0,1380.0,4730.0,1791.0,2939.0,2.5813953488372094,2.24025974025974,2.561282212445003
2013,Otros,Privada,Grado,12045.0,7236.0,4809.0,4370.0,2475.0,1895.0,826.0,511.0,315.0,0.7237020316027089,0.8590208522212148,1.0889390519187359
2013,Otros,Privada,Posgrado,163.0,115.0,48.0,84.0,61.0,23.0,54.0,36.0,18.0,0.04549763033175355,0.038397328881469114,0.10900473933649289
2013,Otros,Privada,Pregrado,3538.0,1984.0,1554.0,1996.0,1146.0,850.0,259.0,145.0,114.0,0.13909774436090225,0.2204928664072633,0.17758682420336555
2013,Psicologia,Estatal,Grado,93696.0,17622.0,76074.0,20855.0,4394.0,16461.0,4028.0,560.0,3468.0,329.3246753246753,158.27884615384616,76.28571428571429
2013,Psicologia,Estatal,Posgrado,5967.0,979.0,4988.0,1572.0,280.0,1292.0,285.0,47.0,238.0,2.494,0.7741162372678251,0.4895
2013,Psicologia,Estatal,Pregrado,2944.0,520.0,2424.0,889.0,166.0,723.0,364.0,34.0,330.0,2.629067245119306,2.190909090909091,0.5639913232104121
2013,Psicologia,Privada,Grado,30218.0,5255.0,24963.0,6799.0,1340.0,5459.0,2843.0,347.0,2496.0,46.227777777777774,40.13970588235294,9.731481481481481
2013,Psicologia,Privada,Posgrado,2667.0,582.0,2085.0,886.0,193.0,693.0,247.0,46.0,201.0,0.022732724219891406,0.03512239622928387,0.006345537408142349
2013,Psicologia,Privada,Pregrado,487.0,94.0,393.0,167.0,28.0,139.0,107.0,17.0,90.0,0.5354223433242506,13.9,0.12806539509536785
2013,Salud,Estatal,Grado,188567.0,50198.0,138369.0,42690.0,10954.0,31736.0,10490.0,2671.0,7819.0,27.29171597633136,29.74320524835989,9.900986193293885
2013,Salud,Estatal,Posgrado,17928.0,6421.0,11507.0,4655.0,1717.0,2938.0,2315.0,874.0,1441.0,4.432588597842835,3.896551724137931,2.4734206471494606
2013,Salud,Estatal,Pregrado,14970.0,3331.0,11639.0,4218.0,1015.0,3203.0,4136.0,887.0,3249.0,20.101899827288428,12.760956175298805,5.753022452504318
2013,Salud,Privada,Grado,55422.0,15887.0,39535.0,15366.0,4306.0,11060.0,5510.0,1379.0,4131.0,1.4062889054885641,1.867612293144208,0.5651122256607264
2013,Salud,Privada,Posgrado,7265.0,2983.0,4282.0,2446.0,944.0,1502.0,1054.0,459.0,595.0,8.187380497131931,3.5093457943925235,5.7036328871892925
2013,Salud,Privada,Pregrado,2250.0,537.0,1713.0,880.0,189.0,691.0,1805.0,273.0,1532.0,0.9058699101004759,0.8355501813784765,0.28397673188789
2013,Sociales,Estatal,Grado,69658.0,30330.0,39328.0,14778.0,6910.0,7868.0,1967.0,787.0,1180.0,73.64794007490637,50.43589743589744,56.79775280898876
2013,Sociales,Estatal,Posgrado,16666.0,6372.0,10294.0,3737.0,1322.0,2415.0,746.0,297.0,449.0,6.261557177615572,2.738095238095238,3.875912408759124
2013,Sociales,Estatal,Pregrado,3278.0,1237.0,2041.0,1487.0,485.0,1002.0,787.0,320.0,467.0,0.011035116649995945,0.024732801816700813,0.006688113324862804
2013,Sociales,Privada,Grado,18846.0,7132.0,11714.0,5607.0,2142.0,3465.0,1216.0,409.0,807.0,0.7023623935723707,0.8078806248542784,0.42762921213574767
2013,Sociales,Privada,Posgrado,3419.0,1517.0,1902.0,1232.0,488.0,744.0,427.0,172.0,255.0,0.7273422562141492,0.6342710997442456,0.5801147227533461
2013,Sociales,Privada,Pregrado,203.0,80.0,123.0,100.0,38.0,62.0,263.0,79.0,184.0,0.01024061277162601,0.019362898188632106,0.00666056115227708
2014,Arquitectura y Urbanismo,Estatal,Grado,51099.0,25516.0,25583.0,7626.0,3740.0,3886.0,2607.0,1148.0,1459.0,8.029817953546766,3.017080745341615,8.008788449466415
2014,Arquitectura y Urbanismo,Estatal,Posgrado,1951.0,763.0,1188.0,448.0,181.0,267.0,84.0,37.0,47.0,0.024730421749448353,0.021870904325032765,0.015883259086556478
2014,Arquitectura y Urbanismo,Estatal,Pregrado,225.0,183.0,42.0,103.0,84.0,19.0,171.0,52.0,119.0,4.666666666666667,9.5,20.333333333333332
2014,Arquitectura y Urbanismo,Privada,Grado,9256.0,4704.0,4552.0,1707.0,877.0,830.0,603.0,258.0,345.0,0.6896969696969697,0.3616557734204793,0.7127272727272728
2014,Arquitectura y Urbanismo,Privada,Posgrado,87.0,32.0,55.0,5.0,0.0,5.0,8.0,0.0,8.0,0.024619516562220233,0.006527415143603133,0.01432408236347359
2014,Arquitectura y Urbanismo,Privada,Pregrado,0.0,0.0,0.0,0.0,0.0,0.0,1.0,1.0,0.0,0.0,0.0,0.0
2014,Artes,Estatal,Grado,47368.0,19822.0,27546.0,12274.0,5191.0,7083.0,964.0,332.0,632.0,0.4236021406163499,0.5461063993831919,0.30482253798363784
2014,Artes,Estatal,Posgrado,1775.0,518.0,1257.0,344.0,100.0,244.0,85.0,34.0,51.0,1.3134796238244515,1.291005291005291,0.5412748171368861
2014,Artes,Estatal,Pregrado,3397.0,1955.0,1442.0,1625.0,935.0,690.0,268.0,126.0,142.0,0.100571906821035,0.2058472553699284,0.13635095550285953
2014,Artes,Privada,Grado,3486.0,1380.0,2106.0,1078.0,439.0,639.0,273.0,95.0,178.0,1.9811853245531514,1.217142857142857,1.2982126058325494
2014,Artes,Privada,Posgrado,30.0,13.0,17.0,14.0,6.0,8.0,5.0,4.0,1.0,0.008362026561731432,0.019559902200488997,0.006394490900147565
2014,Artes,Privada,Pregrado,1400.0,762.0,638.0,463.0,219.0,244.0,216.0,81.0,135.0,0.16575733956871916,0.11547562707051585,0.1979734996102884
2014,Comunicacion,Estatal,Grado,64394.0,21839.0,42555.0,13294.0,4996.0,8298.0,1865.0,518.0,1347.0,3.0251652804435913,2.4463443396226414,1.5524987559536503
2014,Comunicacion,Estatal,Posgrado,5317.0,1787.0,3530.0,1013.0,301.0,712.0,388.0,90.0,298.0,35.3,20.941176470588236,17.87
2014,Comunicacion,Estatal,Pregrado,8311.0,3515.0,4796.0,2413.0,1202.0,1211.0,967.0,326.0,641.0,2.0443307757885765,1.2667364016736402,1.4982949701619779
2014,Comunicacion,Privada,Grado,31573.0,13420.0,18153.0,8982.0,4013.0,4969.0,2727.0,889.0,1838.0,132.5036496350365,54.604395604395606,97.95620437956204
2014,Comunicacion,Privada,Posgrado,1083.0,439.0,644.0,333.0,138.0,195.0,86.0,23.0,63.0,0.012671178970565087,0.026726973684210526,0.008637651503226823
2014,Comunicacion,Privada,Pregrado,2977.0,1136.0,1841.0,1497.0,577.0,920.0,1017.0,320.0,697.0,1.2523809523809524,2.0535714285714284,0.7727891156462585
2014,Diseño,Estatal,Grado,34861.0,13038.0,21823.0,6718.0,2699.0,4019.0,1615.0,500.0,1115.0,191.4298245614035,138.58620689655172,114.36842105263158
2014,Diseño,Estatal,Posgrado,507.0,199.0,308.0,175.0,64.0,111.0,133.0,51.0,82.0,0.03326852451933463,0.06583629893238434,0.0214949233095701
2014,Diseño,Estatal,Pregrado,2044.0,712.0,1332.0,622.0,222.0,400.0,82.0,26.0,56.0,12.220183486238533,25.0,6.532110091743119
2014,Diseño,Privada,Grado,9444.0,2695.0,6749.0,2947.0,837.0,2110.0,602.0,120.0,482.0,inf,inf,inf
2014,Diseño,Privada,Posgrado,178.0,80.0,98.0,103.0,47.0,56.0,18.0,5.0,13.0,0.28,0.4148148148148148,0.22857142857142856
2014,Diseño,Privada,Pregrado,2949.0,947.0,2002.0,1073.0,406.0,667.0,750.0,138.0,612.0,0.04367364746945899,0.05640115000845594,0.020658813263525304
2014,Economicas,Estatal,Grado,212789.0,93513.0,119276.0,37599.0,17337.0,20262.0,8595.0,3643.0,4952.0,99.89614740368509,58.901162790697676,78.31909547738694
2014,Economicas,Estatal,Posgrado,10763.0,5855.0,4908.0,3315.0,1782.0,1533.0,766.0,409.0,357.0,16.525252525252526,9.125,19.713804713804713
2014,Economicas,Estatal,Pregrado,15019.0,7051.0,7968.0,5353.0,2494.0,2859.0,2682.0,1232.0,1450.0,3.094368932038835,2.575675675675676,2.738252427184466
2014,Economicas,Privada,Grado,72633.0,38904.0,33729.0,19267.0,10402.0,8865.0,5210.0,2591.0,2619.0,9.865165252997953,8.386944181646168,11.378765720971044
2014,Economicas,Privada,Posgrado,7213.0,4703.0,2510.0,2379.0,1582.0,797.0,1092.0,724.0,368.0,80.96774193548387,61.30769230769231,151.70967741935485
2014,Economicas,Privada,Pregrado,3264.0,1359.0,1905.0,1731.0,765.0,966.0,1239.0,607.0,632.0,1.4184661206254654,1.932,1.0119136262099777
2014,Educacion,Estatal,Grado,116700.0,28405.0,88295.0,32469.0,8043.0,24426.0,6470.0,1402.0,5068.0,1090.0617283950617,inf,350.679012345679
2014,Educacion,Estatal,Posgrado,10625.0,3288.0,7337.0,2391.0,763.0,1628.0,551.0,161.0,390.0,0.11241171153227413,0.1335082827620141,0.05037613568462823
2014,Educacion,Estatal,Pregrado,4855.0,958.0,3897.0,1157.0,235.0,922.0,424.0,77.0,347.0,41.02105263157895,38.416666666666664,10.08421052631579
2014,Educacion,Privada,Grado,12153.0,2905.0,9248.0,4359.0,1089.0,3270.0,2117.0,488.0,1629.0,1.7253731343283583,2.9835766423357666,0.5419776119402985
2014,Educacion,Privada,Posgrado,5539.0,1716.0,3823.0,1541.0,344.0,1197.0,1389.0,249.0,1140.0,3.8115653040877366,2.5306553911205074,1.7108673978065803
2014,Educacion,Privada,Pregrado,50.0,1.0,49.0,15.0,0.0,15.0,31.0,2.0,29.0,0.007218621096051856,0.009299442033477991,0.0001473187978786093
2014,Exactas,Estatal,Grado,19549.0,10071.0,9478.0,4280.0,2089.0,2191.0,656.0,355.0,301.0,4.6279296875,2.0249537892791127,4.91748046875
2014,Exactas,Estatal,Posgrado,2723.0,1309.0,1414.0,623.0,339.0,284.0,332.0,168.0,164.0,0.048023366390436084,0.037383177570093455,0.044457274826789836
2014,Exactas,Estatal,Pregrado,2122.0,645.0,1477.0,822.0,236.0,586.0,564.0,232.0,332.0,1.5056065239551477,1.646067415730337,0.6574923547400612
2014,Exactas,Privada,Grado,418.0,213.0,205.0,67.0,31.0,36.0,38.0,15.0,23.0,0.13090676883780333,0.0400890868596882,0.1360153256704981
2014,Exactas,Privada,Pregrado,0.0,0.0,0.0,0.0,0.0,0.0,9.0,2.0,7.0,0.0,0.0,0.0
2014,"Hoteleria, Gastronomia y Turismo",Estatal,Grado,11724.0,3452.0,8272.0,2946.0,948.0,1998.0,422.0,94.0,328.0,0.23384406626335727,0.3063007818488426,0.09758579747837395
2014,"Hoteleria, Gastronomia y Turismo",Estatal,Posgrado,433.0,174.0,259.0,82.0,47.0,35.0,17.0,7.0,10.0,0.6491228070175439,0.28,0.43609022556390975
2014,"Hoteleria, Gastronomia y Turismo",Estatal,Pregrado,4590.0,1587.0,3003.0,1702.0,641.0,1061.0,375.0,99.0,276.0,5.7091254752851714,5.358585858585859,3.017110266159696
2014,"Hoteleria, Gastronomia y Turismo",Privada,Grado,8845.0,3090.0,5755.0,2403.0,867.0,1536.0,731.0,196.0,535.0,3.4317233154442457,4.020942408376963,1.8425760286225403
2014,"Hoteleria, Gastronomia y Turismo",Privada,Pregrado,935.0,285.0,650.0,399.0,183.0,216.0,305.0,83.0,222.0,0.07010353753235547,0.07941176470588235,0.030737704918032786
2014,Informatica,Estatal,Grado,101117.0,83261.0,17856.0,20957.0,17550.0,3407.0,2650.0,2036.0,614.0,159.42857142857142,72.48936170212765,743.4017857142857
2014,Informatica,Estatal,Posgrado,2446.0,1757.0,689.0,437.0,318.0,119.0,156.0,110.0,46.0,0.23459312223357168,0.11268939393939394,0.5982294858699353
2014,Informatica,Estatal,Pregrado,21106.0,17244.0,3862.0,6359.0,5152.0,1207.0,1954.0,1631.0,323.0,0.3800059037685723,0.47651006711409394,1.6967430876709633
2014,Informatica,Privada,Grado,23096.0,20123.0,2973.0,5260.0,4579.0,681.0,1483.0,1293.0,190.0,0.01477656227478541,0.018719590972813987,0.10001640183501742
2014,Informatica,Privada,Posgrado,215.0,168.0,47.0,76.0,67.0,9.0,20.0,14.0,6.0,0.34306569343065696,0.1125,1.2262773722627738
2014,Informatica,Privada,Pregrado,743.0,654.0,89.0,316.0,279.0,37.0,549.0,489.0,60.0,0.00860568555405144,0.013780260707635009,0.06323728485786115
2014,Ingenieria,Estatal,Grado,119126.0,94305.0,24821.0,24281.0,18579.0,5702.0,4535.0,3601.0,934.0,10.147587898609975,6.428410372040586,38.55478331970564
2014,Ingenieria,Estatal,Posgrado,3505.0,2460.0,1045.0,867.0,604.0,263.0,415.0,252.0,163.0,0.08522958975613734,0.059367945823927765,0.20063616344506974
2014,Ingenieria,Estatal,Pregrado,5507.0,5031.0,476.0,1871.0,1731.0,140.0,1130.0,941.0,189.0,0.036799381522999615,0.02810680586227665,0.38894472361809046
2014,Ingenieria,Privada,Grado,8468.0,6935.0,1533.0,1708.0,1384.0,324.0,742.0,619.0,123.0,0.026791331702202027,0.025021237161170745,0.12119888150996155
2014,Ingenieria,Privada,Posgrado,78.0,70.0,8.0,35.0,31.0,4.0,18.0,14.0,4.0,0.11267605633802817,0.10256410256410256,0.9859154929577465
2014,Ingenieria,Privada,Pregrado,0.0,0.0,0.0,0.0,0.0,0.0,27.0,15.0,12.0,0.0,0.0,0.0
2014,Juridicas,Estatal,Grado,144538.0,59183.0,85355.0,28208.0,11863.0,16345.0,7728.0,2981.0,4747.0,45.81588835212023,16.071779744346117,31.767579173376276
2014,Juridicas,Estatal,Posgrado,17749.0,7370.0,10379.0,3602.0,1477.0,2125.0,810.0,335.0,475.0,10.41023069207623,4.473684210526316,7.392176529588767
2014,Juridicas,Estatal,Pregrado,10826.0,5171.0,5655.0,3588.0,1777.0,1811.0,4216.0,1866.0,2350.0,0.534044763433752,0.5501215066828675,0.4883369534422514
2014,Juridicas,Privada,Grado,73644.0,32935.0,40709.0,18476.0,8374.0,10102.0,4655.0,1922.0,2733.0,0.395782494142353,0.3754273821911699,0.3202018336136578
2014,Juridicas,Privada,Posgrado,5425.0,2571.0,2854.0,1978.0,991.0,987.0,614.0,340.0,274.0,33.976190476190474,25.973684210526315,30.607142857142858
2014,Juridicas,Privada,Pregrado,13790.0,7110.0,6680.0,7031.0,3595.0,3436.0,3814.0,1778.0,2036.0,0.6501849328401791,1.3104500381388253,0.6920381545649211
2014,Naturales,Estatal,Grado,88542.0,41423.0,47119.0,16369.0,7209.0,9160.0,4090.0,2166.0,1924.0,86.2985347985348,42.018348623853214,75.86630036630036
2014,Naturales,Estatal,Posgrado,10535.0,4752.0,5783.0,2391.0,1038.0,1353.0,1151.0,549.0,602.0,1.2447266465777012,0.7434065934065934,1.0228153250107619
2014,Naturales,Estatal,Pregrado,9702.0,4777.0,4925.0,3489.0,1796.0,1693.0,654.0,277.0,377.0,2.078936260025327,1.5170250896057347,2.016462642465175
2014,Naturales,Privada,Grado,7758.0,3609.0,4149.0,1745.0,814.0,931.0,541.0,263.0,278.0,0.43937308058879593,0.26737507179781733,0.3821878640262628
2014,Naturales,Privada,Posgrado,684.0,349.0,335.0,245.0,138.0,107.0,79.0,53.0,26.0,0.058875219683655534,0.055845511482254695,0.06133567662565905
2014,Naturales,Privada,Pregrado,1156.0,897.0,259.0,436.0,311.0,125.0,187.0,110.0,77.0,0.19680851063829788,0.38461538461538464,0.6816109422492401
2014,Otros,Estatal,Grado,31727.0,16932.0,14795.0,11964.0,6378.0,5586.0,1139.0,658.0,481.0,250.76271186440678,372.4,286.9830508474576
2014,Otros,Estatal,Posgrado,2717.0,1601.0,1116.0,605.0,370.0,235.0,409.0,294.0,115.0,0.05747244824389741,0.05206025697828977,0.08244927386960552
2014,Otros,Estatal,Pregrado,8595.0,4186.0,4409.0,3359.0,1653.0,1706.0,4217.0,1558.0,2659.0,1.4560766182298548,3.1302752293577982,1.3824306472919419
2014,Otros,Privada,Grado,12400.0,7392.0,5008.0,4611.0,2525.0,2086.0,817.0,552.0,265.0,2.7381082558775285,2.5315533980582523,4.041552761071624
2014,Otros,Privada,Posgrado,194.0,115.0,79.0,114.0,65.0,49.0,27.0,20.0,7.0,0.3910891089108911,0.9423076923076923,0.5693069306930693
2014,Otros,Privada,Pregrado,3871.0,2245.0,1626.0,1901.0,1144.0,757.0,337.0,173.0,164.0,4.014814814814815,11.469696969696969,5.54320987654321
2014,Psicologia,Estatal,Grado,95891.0,18202.0,77689.0,21954.0,4842.0,17112.0,4605.0,610.0,3995.0,inf,inf,inf
2014,Psicologia,Estatal,Posgrado,6109.0,1078.0,5031.0,1382.0,294.0,1088.0,290.0,49.0,241.0,4.03125,2.8113695090439275,0.8637820512820513
2014,Psicologia,Estatal,Pregrado,2859.0,405.0,2454.0,1064.0,150.0,914.0,365.0,28.0,337.0,0.2431629013079667,0.37582236842105265,0.0401307966706302
2014,Psicologia,Privada,Grado,31986.0,5570.0,26416.0,7323.0,1435.0,5888.0,2967.0,390.0,2577.0,65.38613861386139,86.58823529411765,13.787128712871286
2014,Psicologia,Privada,Posgrado,2388.0,551.0,1837.0,697.0,139.0,558.0,216.0,50.0,166.0,5.088642659279778,3.11731843575419,1.5263157894736843
2014,Psicologia,Privada,Pregrado,494.0,87.0,407.0,152.0,27.0,125.0,169.0,35.0,134.0,0.09929251036838253,0.08520790729379686,0.02122468894852403
2014,Salud,Estatal,Grado,196074.0,51900.0,144174.0,46306.0,12042.0,34264.0,10395.0,2736.0,7659.0,232.53870967741935,113.08250825082509,83.70967741935483
2014,Salud,Estatal,Posgrado,16113.0,5567.0,10546.0,4843.0,1672.0,3171.0,2064.0,794.0,1270.0,1.3529185375240538,1.5982862903225807,0.7141757536882617
2014,Salud,Estatal,Pregrado,15860.0,3360.0,12500.0,5251.0,1103.0,4148.0,4003.0,813.0,3190.0,25.252525252525253,17.069958847736626,6.787878787878788
2014,Salud,Privada,Grado,56801.0,16566.0,40235.0,15428.0,4803.0,10625.0,4793.0,1243.0,3550.0,95.11820330969267,87.09016393442623,39.163120567375884
2014,Salud,Privada,Posgrado,7066.0,2884.0,4182.0,2201.0,946.0,1255.0,963.0,404.0,559.0,4.333678756476684,4.790076335877862,2.98860103626943
2014,Salud,Privada,Pregrado,2184.0,456.0,1728.0,845.0,154.0,691.0,1522.0,306.0,1216.0,0.017423218859021154,0.038164144482491995,0.004597793865575027
2014,Sociales,Estatal,Grado,69447.0,30300.0,39147.0,15190.0,6916.0,8274.0,2314.0,970.0,1344.0,298.8320610687023,113.34246575342466,231.29770992366412
2014,Sociales,Estatal,Posgrado,17149.0,6542.0,10607.0,3460.0,1460.0,2000.0,1009.0,412.0,597.0,3.7022687609075042,3.2414910858995136,2.283420593368237
2014,Sociales,Estatal,Pregrado,4205.0,1564.0,2641.0,2224.0,800.0,1424.0,711.0,254.0,457.0,3.8,7.781420765027322,2.2503597122302157
2014,Sociales,Privada,Grado,19709.0,7320.0,12389.0,5992.0,2341.0,3651.0,1322.0,426.0,896.0,0.588523110541067,0.4765696384284036,0.347726948838535
2014,Sociales,Privada,Posgrado,3436.0,1543.0,1893.0,984.0,411.0,573.0,402.0,167.0,235.0,0.8862359550561798,0.553088803088803,0.7223782771535581
2014,Sociales,Privada,Pregrado,534.0,204.0,330.0,430.0,168.0,262.0,352.0,111.0,241.0,0.014640638864241348,0.0646275283670449,0.009050576752440106
2015,Arquitectura y Urbanismo,Estatal,Grado,50982.0,25370.0,25612.0,8685.0,4319.0,4366.0,2878.0,1232.0,1646.0,111.35652173913043,47.45652173913044,110.30434782608695
2015,Arquitectura y Urbanismo,Estatal,Posgrado,1894.0,714.0,1180.0,589.0,234.0,355.0,55.0,20.0,35.0,6.1139896373057,2.730769230769231,3.699481865284974
2015,Arquitectura y Urbanismo,Estatal,Pregrado,305.0,233.0,72.0,153.0,110.0,43.0,1133.0,439.0,694.0,0.10084033613445378,0.18067226890756302,0.32633053221288516
2015,Arquitectura y Urbanismo,Privada,Grado,9193.0,4672.0,4521.0,1746.0,904.0,842.0,622.0,268.0,354.0,32.06382978723404,18.711111111111112,33.13475177304964
2015,Arquitectura y Urbanismo,Privada,Posgrado,89.0,30.0,59.0,20.0,3.0,17.0,5.0,0.0,5.0,0.0005173759393880933,0.0007452544824865197,0.0002630725115532678
2015,Arquitectura y Urbanismo,Privada,Pregrado,0.0,0.0,0.0,0.0,0.0,0.0,4.0,3.0,1.0,0.0,0.0,0.0
2015,Artes,Estatal,Grado,47854.0,20279.0,27575.0,13207.0,5863.0,7344.0,988.0,381.0,607.0,5.221548949062678,3.4094707520891365,3.839992425676955
2015,Artes,Estatal,Posgrado,1756.0,531.0,1225.0,536.0,167.0,369.0,91.0,20.0,71.0,0.15236318407960198,0.21667645331767468,0.06604477611940299
2015,Artes,Estatal,Pregrado,3901.0,2159.0,1742.0,1772.0,955.0,817.0,351.0,157.0,194.0,23.863013698630137,74.27272727272727,29.575342465753426
2015,Artes,Privada,Grado,3628.0,1428.0,2200.0,1147.0,446.0,701.0,263.0,106.0,157.0,inf,inf,inf
2015,Artes,Privada,Posgrado,56.0,28.0,28.0,17.0,10.0,7.0,1.0,1.0,0.0,0.06073752711496746,0.0440251572327044,0.06073752711496746
2015,Artes,Privada,Pregrado,1412.0,739.0,673.0,502.0,242.0,260.0,257.0,119.0,138.0,0.004762073235450203,0.00989345509893455,0.005229081903414116
2015,Comunicacion,Estatal,Grado,64304.0,22051.0,42253.0,14489.0,5392.0,9097.0,2189.0,600.0,1589.0,2.746733407007736,3.1499307479224377,1.4334655138789574
2015,Comunicacion,Estatal,Posgrado,5761.0,1891.0,3870.0,1177.0,442.0,735.0,318.0,101.0,217.0,1.8859649122807018,0.963302752293578,0.9215399610136452
2015,Comunicacion,Estatal,Pregrado,8881.0,3782.0,5099.0,2811.0,1316.0,1495.0,911.0,321.0,590.0,0.6162678269277254,0.6326703343207787,0.45709451293207637
2015,Comunicacion,Privada,Grado,30958.0,13032.0,17926.0,8569.0,3755.0,4814.0,2748.0,950.0,1798.0,0.6419337511190689,0.5208265714594829,0.46667860340196954
2015,Comunicacion,Privada,Posgrado,1073.0,443.0,630.0,383.0,158.0,225.0,124.0,45.0,79.0,0.01411353555266813,0.02346193952033368,0.009924279761638066
2015,Comunicacion,Privada,Pregrado,2787.0,1050.0,1737.0,1260.0,516.0,744.0,1063.0,345.0,718.0,72.375,31.0,43.75
2015,Diseño,Estatal,Grado,32745.0,12346.0,20399.0,6765.0,2699.0,4066.0,1745.0,556.0,1189.0,3.664929931728351,1.7872527472527473,2.218109953287819
2015,Diseño,Estatal,Posgrado,547.0,192.0,355.0,204.0,61.0,143.0,54.0,25.0,29.0,0.040720348703831157,0.034835566382460416,0.02202339986235375
2015,Diseño,Estatal,Pregrado,2159.0,790.0,1369.0,712.0,284.0,428.0,116.0,37.0,79.0,0.35847080387536007,0.3154016212232867,0.20686043466876144
2015,Diseño,Privada,Grado,9717.0,2800.0,6917.0,2899.0,873.0,2026.0,733.0,195.0,538.0,9.90974212034384,675.3333333333334,4.011461318051576
2015,Diseño,Privada,Posgrado,152.0,66.0,86.0,57.0,28.0,29.0,16.0,6.0,10.0,0.0009918003482833782,0.0018561187916026627,0.000761149104496546
2015,Diseño,Privada,Pregrado,2825.0,957.0,1868.0,854.0,292.0,562.0,807.0,144.0,663.0,24.906666666666666,20.814814814814813,12.76
2015,Economicas,Estatal,Grado,211597.0,92936.0,118661.0,38478.0,17474.0,21004.0,9523.0,4129.0,5394.0,10.686329250720462,8.65430572723527,8.369596541786743
2015,Economicas,Estatal,Posgrado,13501.0,7477.0,6024.0,3435.0,1964.0,1471.0,945.0,518.0,427.0,10.056761268781303,8.357954545454545,12.482470784641068
2015,Economicas,Estatal,Pregrado,15764.0,7256.0,8508.0,5714.0,2750.0,2964.0,2751.0,1205.0,1546.0,1.0423915706934574,1.0003374957813027,0.888997794658172
2015,Economicas,Privada,Grado,72892.0,39065.0,33827.0,18790.0,10239.0,8551.0,5023.0,2517.0,2506.0,58.42314335060449,32.26792452830189,67.46977547495682
2015,Economicas,Privada,Posgrado,7434.0,5083.0,2351.0,2559.0,1729.0,830.0,1359.0,924.0,435.0,0.31514745308310993,0.501207729468599,0.6813672922252011
2015,Economicas,Privada,Pregrado,3147.0,1291.0,1856.0,1577.0,636.0,941.0,1588.0,807.0,781.0,2.7496296296296294,3.5916030534351147,1.9125925925925926
2015,Educacion,Estatal,Grado,115194.0,28486.0,86708.0,30344.0,7866.0,22478.0,5968.0,1207.0,4761.0,inf,inf,inf
2015,Educacion,Estatal,Posgrado,11276.0,3400.0,7876.0,2641.0,833.0,1808.0,826.0,250.0,576.0,6.902716914986853,4.294536817102138,2.9798422436459244
2015,Educacion,Estatal,Pregrado,4278.0,900.0,3378.0,861.0,193.0,668.0,652.0,194.0,458.0,3.749167591564928,1.1114808652246255,0.9988901220865705
2015,Educacion,Privada,Grado,12922.0,2999.0,9923.0,4899.0,1262.0,3637.0,2060.0,449.0,1611.0,0.33632727765726683,0.3300962062080232,0.10164723427331887
2015,Educacion,Privada,Posgrado,4861.0,1180.0,3681.0,1573.0,322.0,1251.0,1112.0,286.0,826.0,1.4125095932463545,1.973186119873817,0.4528012279355334
2015,Educacion,Privada,Pregrado,49.0,0.0,49.0,15.0,0.0,15.0,17.0,0.0,17.0,0.026077700904736562,0.020804438280166437,0.0
2015,Exactas,Estatal,Grado,19448.0,9920.0,9528.0,4728.0,2213.0,2515.0,666.0,371.0,295.0,1.5116611137553546,1.2438180019782394,1.5738537204505791
2015,Exactas,Estatal,Posgrado,3190.0,1549.0,1641.0,590.0,308.0,282.0,416.0,210.0,206.0,1.4097938144329898,0.4828767123287671,1.3307560137457044
2015,Exactas,Estatal,Pregrado,2609.0,829.0,1780.0,1221.0,379.0,842.0,460.0,181.0,279.0,0.1635879055233894,0.22239830956154252,0.07618785038139878
2015,Exactas,Privada,Grado,414.0,205.0,209.0,86.0,42.0,44.0,37.0,14.0,23.0,1.2822085889570551,0.5238095238095238,1.2576687116564418
2015,Exactas,Privada,Pregrado,0.0,0.0,0.0,0.0,0.0,0.0,14.0,4.0,10.0,0.0,0.0,0.0
2015,"Hoteleria, Gastronomia y Turismo",Estatal,Grado,12315.0,3626.0,8689.0,3095.0,957.0,2138.0,490.0,123.0,367.0,9.51697699890471,5.426395939086294,3.9715224534501643
2015,"Hoteleria, Gastronomia y Turismo",Estatal,Posgrado,476.0,198.0,278.0,73.0,27.0,46.0,18.0,4.0,14.0,0.41002949852507375,0.21495327102803738,0.2920353982300885
2015,"Hoteleria, Gastronomia y Turismo",Estatal,Pregrado,4506.0,1596.0,2910.0,1554.0,585.0,969.0,381.0,97.0,284.0,0.031284267561117206,0.04694539993217383,0.017157969425272528
2015,"Hoteleria, Gastronomia y Turismo",Privada,Grado,9197.0,3184.0,6013.0,2565.0,849.0,1716.0,757.0,205.0,552.0,6.550108932461874,7.061728395061729,3.468409586056645
2015,"Hoteleria, Gastronomia y Turismo",Privada,Pregrado,939.0,289.0,650.0,371.0,176.0,195.0,323.0,77.0,246.0,0.12873836403248168,0.14672686230248308,0.05723905723905724
2015,Informatica,Estatal,Grado,99922.0,83045.0,16877.0,20179.0,17191.0,2988.0,2712.0,2127.0,585.0,5.732676630434782,3.361079865016873,28.208220108695652
2015,Informatica,Estatal,Posgrado,3154.0,2285.0,869.0,594.0,463.0,131.0,149.0,101.0,48.0,1.1112531969309463,0.3875739644970414,2.921994884910486
2015,Informatica,Estatal,Pregrado,23106.0,18839.0,4267.0,8295.0,6770.0,1525.0,1904.0,1554.0,350.0,0.14495855415137926,0.23603157405974307,0.6399986411197174
2015,Informatica,Privada,Grado,22312.0,19464.0,2848.0,4850.0,4234.0,616.0,1558.0,1285.0,273.0,5.435114503816794,3.6023391812865495,37.14503816793893
2015,Informatica,Privada,Posgrado,203.0,160.0,43.0,59.0,47.0,12.0,20.0,16.0,4.0,0.02006532897806813,0.016783216783216783,0.07466168922071861
2015,Informatica,Privada,Pregrado,775.0,690.0,85.0,345.0,296.0,49.0,546.0,475.0,71.0,0.17453798767967146,0.2934131736526946,1.4168377823408624
2015,Ingenieria,Estatal,Grado,124731.0,97538.0,27193.0,25803.0,19222.0,6581.0,4509.0,3552.0,957.0,14.14828303850156,8.79812834224599,50.74817898022893
2015,Ingenieria,Estatal,Posgrado,3719.0,2626.0,1093.0,899.0,639.0,260.0,378.0,252.0,126.0,0.005856036861421415,0.006199036765056507,0.014069490208684936
2015,Ingenieria,Estatal,Pregrado,6037.0,5493.0,544.0,2125.0,1926.0,199.0,1215.0,995.0,220.0,10.666666666666666,inf,107.70588235294117
2015,Ingenieria,Privada,Grado,8430.0,6871.0,1559.0,1643.0,1331.0,312.0,793.0,648.0,145.0,0.08720702578732449,0.06702470461868958,0.3843486043519606
2015,Ingenieria,Privada,Posgrado,45.0,40.0,5.0,13.0,13.0,0.0,22.0,20.0,2.0,0.00234192037470726,0.0,0.01873536299765808
2015,Ingenieria,Privada,Pregrado,0.0,0.0,0.0,0.0,0.0,0.0,19.0,14.0,5.0,0.0,0.0,0.0
2015,Juridicas,Estatal,Grado,148736.0,61144.0,87592.0,30883.0,13084.0,17799.0,7979.0,3060.0,4919.0,19.21720052654673,8.451566951566951,13.414655550680123
2015,Juridicas,Estatal,Posgrado,16046.0,6862.0,9184.0,2983.0,1334.0,1649.0,844.0,354.0,490.0,0.18055992450456118,0.12435897435897436,0.1349087763447625
2015,Juridicas,Estatal,Pregrado,11320.0,5324.0,5996.0,3709.0,1738.0,1971.0,5164.0,2246.0,2918.0,115.3076923076923,67.96551724137932,102.38461538461539
2015,Juridicas,Privada,Grado,73545.0,32612.0,40933.0,17798.0,7972.0,9826.0,5092.0,2179.0,2913.0,5.674892555108832,4.0653702937525855,4.5212810203798695
2015,Juridicas,Privada,Posgrado,5572.0,2625.0,2947.0,1933.0,886.0,1047.0,672.0,358.0,314.0,1.3097777777777777,1.1897727272727272,1.1666666666666667
2015,Juridicas,Privada,Pregrado,13971.0,7250.0,6721.0,7080.0,3580.0,3500.0,4035.0,1948.0,2087.0,1.3829218106995884,2.1021021021021022,1.491769547325103
2015,Naturales,Estatal,Grado,87134.0,40156.0,46978.0,16419.0,7151.0,9268.0,4024.0,2062.0,1962.0,0.7249915120837063,0.7067795317623732,0.619710484891509
2015,Naturales,Estatal,Posgrado,11301.0,4934.0,6367.0,2157.0,978.0,1179.0,1450.0,590.0,860.0,5.33249581239531,4.812244897959184,4.132328308207705
2015,Naturales,Estatal,Pregrado,9637.0,4809.0,4828.0,3076.0,1538.0,1538.0,862.0,353.0,509.0,0.31204756980351606,0.4404352806414662,0.3108195449844881
2015,Naturales,Privada,Grado,8244.0,3729.0,4515.0,2024.0,891.0,1133.0,560.0,264.0,296.0,3.0261394101876675,1.1692466460268318,2.4993297587131367
2015,Naturales,Privada,Posgrado,786.0,361.0,425.0,349.0,158.0,191.0,89.0,45.0,44.0,0.23796192609182532,0.3687258687258687,0.20212765957446807
2015,Naturales,Privada,Pregrado,962.0,701.0,261.0,429.0,318.0,111.0,274.0,156.0,118.0,0.06711236821805092,0.06281833616298811,0.1802519928002057
2015,Otros,Estatal,Grado,34849.0,18743.0,16106.0,12497.0,6703.0,5794.0,1468.0,910.0,558.0,1.0768202179581468,1.5088541666666666,1.2531256267968176
2015,Otros,Estatal,Posgrado,3026.0,1741.0,1285.0,751.0,453.0,298.0,290.0,212.0,78.0,11.077586206896552,8.277777777777779,15.008620689655173
2015,Otros,Estatal,Pregrado,8674.0,4147.0,4527.0,3015.0,1491.0,1524.0,1176.0,546.0,630.0,1.3705722070844686,1.274247491638796,1.2555252800484409
2015,Otros,Privada,Grado,13022.0,7633.0,5389.0,4647.0,2475.0,2172.0,1003.0,664.0,339.0,26.54679802955665,21.72,37.600985221674875
2015,Otros,Privada,Posgrado,251.0,153.0,98.0,111.0,71.0,40.0,53.0,39.0,14.0,0.0019178457504060746,0.005245213742460005,0.0029941877531849937
2015,Otros,Privada,Pregrado,4318.0,2474.0,1844.0,2121.0,1243.0,878.0,482.0,253.0,229.0,0.9451563300871348,1.9598214285714286,1.2680676576114813
2015,Psicologia,Estatal,Grado,97112.0,18359.0,78753.0,22601.0,4744.0,17857.0,4029.0,542.0,3487.0,350.0133333333333,173.36893203883494,81.59555555555555
2015,Psicologia,Estatal,Posgrado,8325.0,1495.0,6830.0,1240.0,201.0,1039.0,466.0,90.0,376.0,0.7378997407087294,0.6086701816051553,0.16151685393258428
2015,Psicologia,Estatal,Pregrado,3098.0,431.0,2667.0,1006.0,143.0,863.0,385.0,41.0,344.0,30.655172413793103,172.6,4.954022988505747
2015,Psicologia,Privada,Grado,32701.0,5671.0,27030.0,7141.0,1310.0,5831.0,3115.0,413.0,2702.0,inf,inf,inf
2015,Psicologia,Privada,Posgrado,2537.0,533.0,2004.0,760.0,152.0,608.0,371.0,60.0,311.0,4.704225352112676,3.5976331360946747,1.2511737089201878
2015,Psicologia,Privada,Pregrado,2255.0,500.0,1755.0,1860.0,439.0,1421.0,201.0,26.0,175.0,0.03738656214051383,0.11738950846757538,0.010651442205274595
2015,Salud,Estatal,Grado,207024.0,53783.0,153241.0,49076.0,12594.0,36482.0,10482.0,2713.0,7769.0,86.33295774647887,106.05232558139535,30.300281690140846
2015,Salud,Estatal,Posgrado,24161.0,8319.0,15842.0,4581.0,1648.0,2933.0,2290.0,923.0,1367.0,36.58660508083141,9.67986798679868,19.212471131639724
2015,Salud,Estatal,Pregrado,17579.0,3739.0,13840.0,6321.0,1398.0,4923.0,4897.0,986.0,3911.0,4.669365721997301,3.7239031770045385,1.2614709851551957
2015,Salud,Privada,Grado,60104.0,17701.0,42403.0,15773.0,4497.0,11276.0,5450.0,1290.0,4160.0,12.163798049340217,10.460111317254174,5.077739529546759
2015,Salud,Privada,Posgrado,7522.0,3017.0,4505.0,2237.0,881.0,1356.0,1111.0,466.0,645.0,150.16666666666666,96.85714285714286,100.56666666666666
2015,Salud,Privada,Pregrado,2280.0,498.0,1782.0,793.0,170.0,623.0,1731.0,340.0,1391.0,1.272857142857143,1.345572354211663,0.3557142857142857
2015,Sociales,Estatal,Grado,67266.0,29418.0,37848.0,14715.0,6580.0,8135.0,2166.0,822.0,1344.0,620.4590163934427,inf,482.26229508196724
2015,Sociales,Estatal,Posgrado,17988.0,6900.0,11088.0,3266.0,1380.0,1886.0,1045.0,446.0,599.0,0.17235322462810687,0.14186851211072665,0.10725444173285872
2015,Sociales,Estatal,Pregrado,3950.0,1363.0,2587.0,1388.0,460.0,928.0,734.0,261.0,473.0,21.558333333333334,17.846153846153847,11.358333333333333
2015,Sociales,Privada,Grado,20110.0,7397.0,12713.0,5981.0,2277.0,3704.0,1379.0,463.0,916.0,2.4462189724841257,3.854318418314256,1.4233211468154705
2015,Sociales,Privada,Posgrado,4172.0,1633.0,2539.0,1121.0,414.0,707.0,336.0,130.0,206.0,2.361860465116279,1.2877959927140255,1.5190697674418605
2015,Sociales,Privada,Pregrado,856.0,307.0,549.0,592.0,207.0,385.0,483.0,130.0,353.0,0.07587064676616916,0.2065450643776824,0.04242675511332228
2016,Arquitectura y Urbanismo,Estatal,Grado,52678.0,26167.0,26511.0,9738.0,4942.0,4796.0,2990.0,1268.0,1722.0,11.456784788245463,3.973487986743993,11.308124459809854
2016,Arquitectura y Urbanismo,Estatal,Posgrado,2174.0,847.0,1327.0,454.0,205.0,249.0,119.0,47.0,72.0,0.045353566424006286,0.03202572347266881,0.028948357770258722
2016,Arquitectura y Urbanismo,Estatal,Pregrado,459.0,332.0,127.0,183.0,120.0,63.0,1669.0,660.0,1009.0,0.1172668513388735,0.1891891891891892,0.30655586334256696
2016,Arquitectura y Urbanismo,Privada,Grado,9034.0,4655.0,4379.0,2037.0,1082.0,955.0,713.0,294.0,419.0,2.764520202020202,1.046002190580504,2.9387626262626263
2016,Arquitectura y Urbanismo,Privada,Posgrado,80.0,27.0,53.0,14.0,5.0,9.0,7.0,3.0,4.0,0.03804737975592247,0.015410958904109588,0.019382627422828428
2016,Arquitectura y Urbanismo,Privada,Pregrado,0.0,0.0,0.0,0.0,0.0,0.0,32.0,26.0,6.0,0.0,0.0,0.0
2016,Artes,Estatal,Grado,50039.0,21595.0,28444.0,13671.0,6322.0,7349.0,946.0,305.0,641.0,56.1025641025641,41.994285714285716,42.59368836291913
2016,Artes,Estatal,Posgrado,1698.0,500.0,1198.0,402.0,124.0,278.0,57.0,14.0,43.0,2.0134453781512605,1.1779661016949152,0.8403361344537815
2016,Artes,Estatal,Pregrado,4805.0,2468.0,2337.0,2091.0,1095.0,996.0,272.0,104.0,168.0,1.6128364389233953,2.5803108808290154,1.7032436162870945
2016,Artes,Privada,Grado,3636.0,1454.0,2182.0,1137.0,481.0,656.0,303.0,115.0,188.0,0.23104616687844134,0.22259925347811332,0.15396018636171113
2016,Artes,Privada,Posgrado,44.0,22.0,22.0,6.0,2.0,4.0,6.0,1.0,5.0,0.12359550561797752,0.038834951456310676,0.12359550561797752
2016,Artes,Privada,Pregrado,1440.0,760.0,680.0,484.0,275.0,209.0,275.0,128.0,147.0,0.23058663953882672,0.19478098788443615,0.25771447948457105
2016,Comunicacion,Estatal,Grado,64541.0,22154.0,42387.0,14945.0,5584.0,9361.0,2438.0,686.0,1752.0,4.155180864621116,3.656640625,2.1717478678560926
2016,Comunicacion,Estatal,Posgrado,5604.0,1689.0,3915.0,1387.0,429.0,958.0,294.0,87.0,207.0,0.019324935336742552,0.027340962927024173,0.00833711769700081
2016,Comunicacion,Estatal,Pregrado,9218.0,3950.0,5268.0,2536.0,1136.0,1400.0,1150.0,453.0,697.0,48.77777777777778,21.53846153846154,36.574074074074076
2016,Comunicacion,Privada,Grado,30863.0,13072.0,17791.0,8787.0,3999.0,4788.0,2705.0,907.0,1798.0,1.6697325199436883,1.4732307692307691,1.2268418582824965
2016,Comunicacion,Privada,Posgrado,1089.0,432.0,657.0,377.0,143.0,234.0,151.0,53.0,98.0,0.3414760914760915,0.3979591836734694,0.22453222453222454
2016,Comunicacion,Privada,Pregrado,3463.0,1498.0,1965.0,2021.0,992.0,1029.0,1055.0,333.0,722.0,0.15005727376861397,0.21594963273871984,0.11439480717831234
2016,Diseño,Estatal,Grado,32314.0,12140.0,20174.0,7314.0,2971.0,4343.0,1752.0,560.0,1192.0,1.4574483456147955,0.8470840647552175,0.8770408900447912
2016,Diseño,Estatal,Posgrado,605.0,217.0,388.0,205.0,68.0,137.0,106.0,38.0,68.0,0.006599649606232247,0.00968882602545969,0.003691041145753602
2016,Diseño,Estatal,Pregrado,2026.0,700.0,1326.0,653.0,234.0,419.0,115.0,43.0,72.0,21.047619047619047,26.1875,11.11111111111111
2016,Diseño,Privada,Grado,9678.0,2796.0,6882.0,2780.0,892.0,1888.0,679.0,157.0,522.0,0.9625174825174825,0.7989843419382141,0.39104895104895104
2016,Diseño,Privada,Posgrado,147.0,70.0,77.0,42.0,22.0,20.0,10.0,2.0,8.0,0.03329009943795936,0.014914243102162566,0.030263726761781237
2016,Diseño,Privada,Pregrado,3340.0,1299.0,2041.0,1603.0,697.0,906.0,769.0,163.0,606.0,2.146161934805468,2.3230769230769233,1.3659305993690851
2016,Economicas,Estatal,Grado,210298.0,93172.0,117126.0,41551.0,19486.0,22065.0,8674.0,3641.0,5033.0,11.80229746070133,6.596412556053812,9.388553002821443
2016,Economicas,Estatal,Posgrado,12849.0,7171.0,5678.0,3631.0,2044.0,1587.0,969.0,548.0,421.0,0.053176743837566494,0.054491141326740836,0.06715928673110062
2016,Economicas,Estatal,Pregrado,15643.0,7205.0,8438.0,5214.0,2476.0,2738.0,2465.0,1067.0,1398.0,42.83248730964467,22.628099173553718,36.5736040609137
2016,Economicas,Privada,Grado,75148.0,40156.0,34992.0,19674.0,10916.0,8758.0,5137.0,2529.0,2608.0,3.3555811277330263,3.8581497797356827,3.8507863444572306
2016,Economicas,Privada,Posgrado,8745.0,5907.0,2838.0,3527.0,2359.0,1168.0,1461.0,964.0,497.0,5.875776397515528,12.695652173913043,12.229813664596273
2016,Economicas,Privada,Pregrado,3419.0,1349.0,2070.0,1711.0,687.0,1024.0,1441.0,751.0,690.0,0.47346752058554437,0.9615023474178404,0.3085544373284538
2016,Educacion,Estatal,Grado,120419.0,30007.0,90412.0,34417.0,9094.0,25323.0,5748.0,1249.0,4499.0,37.43768115942029,23.36070110701107,12.425258799171843
2016,Educacion,Estatal,Posgrado,10908.0,3120.0,7788.0,2624.0,745.0,1879.0,425.0,125.0,300.0,0.7997535428219347,0.5737404580152672,0.3203943314849045
2016,Educacion,Estatal,Pregrado,4641.0,1019.0,3622.0,1436.0,371.0,1065.0,617.0,158.0,459.0,0.8102908277404922,0.8758223684210527,0.2279642058165548
2016,Educacion,Privada,Grado,14459.0,3322.0,11137.0,5633.0,1338.0,4295.0,2333.0,559.0,1774.0,10.418147801683817,13.215384615384615,3.107577174929841
2016,Educacion,Privada,Posgrado,4772.0,1076.0,3696.0,1388.0,354.0,1034.0,1191.0,206.0,985.0,73.92,68.93333333333334,21.52
2016,Educacion,Privada,Pregrado,49.0,0.0,49.0,15.0,0.0,15.0,7.0,0.0,7.0,0.0025065220727402936,0.0035046728971962616,0.0
2016,Exactas,Estatal,Grado,19434.0,9929.0,9505.0,4753.0,2314.0,2439.0,697.0,373.0,324.0,3.490635328681601,3.914927768860353,3.646345941975762
2016,Exactas,Estatal,Posgrado,3615.0,1736.0,1879.0,618.0,317.0,301.0,379.0,174.0,205.0,0.8854853911404336,0.3661800486618005,0.8180961357210179
2016,Exactas,Estatal,Pregrado,2943.0,949.0,1994.0,1155.0,361.0,794.0,474.0,175.0,299.0,39.09803921568628,46.705882352941174,18.607843137254903
2016,Exactas,Privada,Grado,458.0,207.0,251.0,104.0,49.0,55.0,45.0,17.0,28.0,0.6839237057220708,1.1,0.5640326975476839
2016,Exactas,Privada,Pregrado,64.0,34.0,30.0,64.0,34.0,30.0,8.0,3.0,5.0,inf,inf,inf
2016,"Hoteleria, Gastronomia y Turismo",Estatal,Grado,11602.0,3415.0,8187.0,2835.0,935.0,1900.0,354.0,74.0,280.0,6.650690495532087,6.810035842293907,2.7741673436230707
2016,"Hoteleria, Gastronomia y Turismo",Estatal,Posgrado,443.0,179.0,264.0,63.0,22.0,41.0,18.0,5.0,13.0,0.02515963022967693,0.01537307836520435,0.01705899170875822
2016,"Hoteleria, Gastronomia y Turismo",Estatal,Pregrado,4454.0,1559.0,2895.0,1716.0,623.0,1093.0,345.0,93.0,252.0,6.6859122401847575,13.329268292682928,3.600461893764434
2016,"Hoteleria, Gastronomia y Turismo",Privada,Grado,9354.0,3195.0,6159.0,2608.0,873.0,1735.0,758.0,233.0,525.0,16.080939947780678,9.747191011235955,8.342036553524805
2016,"Hoteleria, Gastronomia y Turismo",Privada,Pregrado,1058.0,321.0,737.0,469.0,200.0,269.0,277.0,74.0,203.0,0.17518421678155455,0.17650918635170604,0.07630140242453054
2016,Informatica,Estatal,Grado,100111.0,83688.0,16423.0,22111.0,18655.0,3456.0,2470.0,1941.0,529.0,26.109697933227345,12.521739130434783,133.04928457869633
2016,Informatica,Estatal,Posgrado,3286.0,2402.0,884.0,615.0,468.0,147.0,171.0,105.0,66.0,0.10759493670886076,0.0691114245416079,0.29235637779941576
2016,Informatica,Estatal,Pregrado,23348.0,19160.0,4188.0,8102.0,6631.0,1471.0,1984.0,1644.0,340.0,8.460606060606061,6.004081632653061,38.707070707070706
2016,Informatica,Privada,Grado,21699.0,18960.0,2739.0,5092.0,4447.0,645.0,1340.0,1120.0,220.0,6.225,4.188311688311688,43.09090909090909
2016,Informatica,Privada,Posgrado,278.0,207.0,71.0,146.0,108.0,38.0,17.0,11.0,6.0,0.0731958762886598,0.13523131672597866,0.2134020618556701
2016,Informatica,Privada,Pregrado,977.0,826.0,151.0,485.0,388.0,97.0,492.0,433.0,59.0,0.0015077835581694908,0.0046914296769201,0.008247875622834433
2016,Ingenieria,Estatal,Grado,128575.0,99766.0,28809.0,28752.0,21561.0,7191.0,4449.0,3451.0,998.0,11.77800490596893,16.455377574370708,40.78740801308258
2016,Ingenieria,Estatal,Posgrado,3621.0,2457.0,1164.0,906.0,580.0,326.0,445.0,300.0,145.0,1.6700143472022955,1.63,3.5251076040172165
2016,Ingenieria,Estatal,Pregrado,6022.0,5553.0,469.0,2199.0,2027.0,172.0,959.0,795.0,164.0,0.022980057817629476,0.027926611462899823,0.2720858444803763
2016,Ingenieria,Privada,Grado,8431.0,6786.0,1645.0,1744.0,1374.0,370.0,659.0,530.0,129.0,0.6958544839255499,0.30833333333333335,2.8705583756345177
2016,Ingenieria,Privada,Posgrado,54.0,49.0,5.0,33.0,31.0,2.0,32.0,30.0,2.0,0.00024117306579201234,0.0004926108374384236,0.002363496044761721
2016,Ingenieria,Privada,Pregrado,0.0,0.0,0.0,0.0,0.0,0.0,23.0,14.0,9.0,0.0,0.0,0.0
2016,Juridicas,Estatal,Grado,145174.0,59454.0,85720.0,29761.0,12663.0,17098.0,8019.0,3040.0,4979.0,595.2777777777778,271.3968253968254,412.875
2016,Juridicas,Estatal,Posgrado,18369.0,7645.0,10724.0,3123.0,1377.0,1746.0,1170.0,522.0,648.0,17.903171953255427,6.901185770750988,12.762938230383973
2016,Juridicas,Estatal,Pregrado,9607.0,4366.0,5241.0,3222.0,1521.0,1701.0,5181.0,2296.0,2885.0,33.81290322580645,20.25,28.16774193548387
2016,Juridicas,Privada,Grado,73943.0,32946.0,40997.0,17292.0,7836.0,9456.0,5442.0,2295.0,3147.0,0.34459658236040713,0.3907922469727652,0.2769246286910255
2016,Juridicas,Privada,Posgrado,6448.0,3038.0,3410.0,1762.0,857.0,905.0,907.0,448.0,459.0,0.9728958630527818,1.0438292964244522,0.8667617689015692
2016,Juridicas,Privada,Pregrado,14139.0,7125.0,7014.0,6427.0,3146.0,3281.0,3057.0,1492.0,1565.0,1.273651715997821,1.7536076964190273,1.2938078808788813
2016,Naturales,Estatal,Grado,86697.0,39211.0,47486.0,17169.0,7209.0,9960.0,3793.0,1955.0,1838.0,5.607699574870099,5.831381733021077,4.6304912612187055
2016,Naturales,Estatal,Posgrado,11751.0,5117.0,6634.0,2742.0,1233.0,1509.0,1412.0,608.0,804.0,85.05128205128206,43.114285714285714,65.6025641025641
2016,Naturales,Estatal,Pregrado,9369.0,4632.0,4737.0,3238.0,1598.0,1640.0,834.0,312.0,522.0,inf,inf,inf
2016,Naturales,Privada,Grado,8253.0,3628.0,4625.0,1798.0,749.0,1049.0,647.0,275.0,372.0,4.973118279569892,1.4350205198358412,3.901075268817204
2016,Naturales,Privada,Posgrado,818.0,376.0,442.0,291.0,162.0,129.0,188.0,120.0,68.0,0.0030778229625090525,0.004694835680751174,0.0026182385382429946
2016,Naturales,Privada,Pregrado,655.0,485.0,170.0,223.0,183.0,40.0,219.0,111.0,108.0,0.00957800439461378,0.01110494169905608,0.027325483125809905
2016,Otros,Estatal,Grado,38678.0,21342.0,17336.0,14472.0,7924.0,6548.0,1644.0,1022.0,622.0,9.119410836401894,11.117147707979626,11.226722777485534
2016,Otros,Estatal,Posgrado,2464.0,1409.0,1055.0,687.0,409.0,278.0,292.0,205.0,87.0,0.11820728291316526,0.09269756585528509,0.15787114845938374
2016,Otros,Estatal,Pregrado,8468.0,3817.0,4651.0,3234.0,1376.0,1858.0,700.0,287.0,413.0,0.16144260474157382,0.2143021914648212,0.13249331806032838
2016,Otros,Privada,Grado,13917.0,8106.0,5811.0,5230.0,2880.0,2350.0,999.0,655.0,344.0,0.12960856473737037,0.23964919437079338,0.18079625292740048
2016,Otros,Privada,Posgrado,276.0,167.0,109.0,102.0,62.0,40.0,48.0,28.0,20.0,2.945945945945946,2.3529411764705883,4.513513513513513
2016,Otros,Privada,Pregrado,4325.0,2467.0,1858.0,2015.0,1186.0,829.0,458.0,273.0,185.0,0.34484038604305867,0.42274349821519636,0.4578693392724573
2016,Psicologia,Estatal,Grado,99465.0,19440.0,80025.0,24155.0,5214.0,18941.0,3972.0,531.0,3441.0,8.000899820035993,3.4551258664720903,1.9436112777444512
2016,Psicologia,Estatal,Posgrado,6667.0,1164.0,5503.0,1216.0,280.0,936.0,298.0,52.0,246.0,1.4527455121436115,0.6042608134280181,0.307286166842661
2016,Psicologia,Estatal,Pregrado,3147.0,429.0,2718.0,1137.0,150.0,987.0,364.0,42.0,322.0,23.43103448275862,75.92307692307692,3.6982758620689653
2016,Psicologia,Privada,Grado,33857.0,6030.0,27827.0,7380.0,1397.0,5983.0,3168.0,399.0,2769.0,0.3146925112523466,0.365798483736855,0.06819261303236604
2016,Psicologia,Privada,Posgrado,2529.0,544.0,1985.0,793.0,153.0,640.0,332.0,62.0,270.0,27.95774647887324,23.703703703703702,7.661971830985915
2016,Psicologia,Privada,Pregrado,638.0,126.0,512.0,148.0,30.0,118.0,250.0,43.0,207.0,0.04892966360856269,0.04991539763113367,0.012041284403669725
2016,Salud,Estatal,Grado,212402.0,55770.0,156632.0,56293.0,14756.0,41537.0,10330.0,2710.0,7620.0,247.05362776025237,193.1953488372093,87.96529968454259
2016,Salud,Estatal,Posgrado,19962.0,6979.0,12983.0,4779.0,1608.0,3171.0,3198.0,1258.0,1940.0,1.4317379797088663,0.968540012217471,0.7696294662549625
2016,Salud,Estatal,Pregrado,20329.0,4001.0,16328.0,6950.0,1345.0,5605.0,4993.0,973.0,4020.0,26.54959349593496,20.307971014492754,6.505691056910569
2016,Salud,Privada,Grado,57959.0,16309.0,41650.0,14811.0,4044.0,10767.0,5680.0,1413.0,4267.0,5.830883382332353,7.329475833900613,2.2832143357132857
2016,Salud,Privada,Posgrado,7869.0,3158.0,4711.0,2298.0,900.0,1398.0,1337.0,544.0,793.0,6.887426900584796,5.706122448979592,4.616959064327485
2016,Salud,Privada,Pregrado,2111.0,446.0,1665.0,744.0,157.0,587.0,1763.0,380.0,1383.0,inf,inf,inf
2016,Sociales,Estatal,Grado,69379.0,30792.0,38587.0,17076.0,7881.0,9195.0,2279.0,927.0,1352.0,33.37975778546713,21.089449541284402,26.636678200692042
2016,Sociales,Estatal,Posgrado,18424.0,7068.0,11356.0,3449.0,1533.0,1916.0,1075.0,428.0,647.0,15.387533875338754,4.561904761904762,9.577235772357724
2016,Sociales,Estatal,Pregrado,4435.0,1624.0,2811.0,1831.0,709.0,1122.0,859.0,295.0,564.0,0.09070960663461228,0.0971933471933472,0.05240569234244409
2016,Sociales,Privada,Grado,20408.0,7670.0,12738.0,6198.0,2510.0,3688.0,1460.0,488.0,972.0,4.6882591093117405,6.095867768595041,2.8229665071770333
2016,Sociales,Privada,Posgrado,4707.0,1813.0,2894.0,1187.0,450.0,737.0,419.0,149.0,270.0,1.3827042522694697,0.7661122661122661,0.8662207357859532
2016,Sociales,Privada,Pregrado,1043.0,392.0,651.0,642.0,241.0,401.0,502.0,151.0,351.0,0.10012303906490311,0.16729244889445138,0.0602891418025223
2017,Arquitectura y Urbanismo,Estatal,Grado,53246.0,26398.0,26848.0,9189.0,4664.0,4525.0,3213.0,1351.0,1862.0,19.37085137085137,6.625183016105417,19.046176046176047
2017,Arquitectura y Urbanismo,Estatal,Posgrado,2095.0,829.0,1266.0,407.0,165.0,242.0,58.0,27.0,31.0,0.11494461594334483,0.06160896130346232,0.0752678409297258
2017,Arquitectura y Urbanismo,Estatal,Pregrado,0.0,0.0,0.0,0.0,0.0,0.0,1950.0,829.0,1121.0,0.0,0.0,0.0
2017,Arquitectura y Urbanismo,Privada,Grado,9132.0,4688.0,4444.0,1750.0,973.0,777.0,705.0,316.0,389.0,26.933333333333334,7.543689320388349,28.412121212121214
2017,Arquitectura y Urbanismo,Privada,Posgrado,89.0,31.0,58.0,19.0,7.0,12.0,7.0,2.0,5.0,0.019110378912685338,0.00754242614707731,0.010214168039538715
2017,Artes,Estatal,Grado,54888.0,23196.0,31692.0,13637.0,6094.0,7543.0,1417.0,439.0,978.0,37.90909090909091,24.33225806451613,27.74641148325359
2017,Artes,Estatal,Posgrado,2130.0,641.0,1489.0,408.0,100.0,308.0,89.0,33.0,56.0,1.94640522875817,1.305084745762712,0.8379084967320262
2017,Artes,Estatal,Pregrado,4524.0,1915.0,2609.0,2653.0,966.0,1687.0,679.0,200.0,479.0,0.02742678132161554,0.07767750253246156,0.02013119441582743
2017,Artes,Privada,Grado,3146.0,1318.0,1828.0,949.0,431.0,518.0,190.0,61.0,129.0,1.8748717948717948,5.18,1.3517948717948718
2017,Artes,Privada,Posgrado,32.0,17.0,15.0,11.0,6.0,5.0,5.0,4.0,1.0,0.00292169848071679,0.0039001560062402497,0.0033112582781456954
2017,Artes,Privada,Pregrado,1403.0,718.0,685.0,491.0,249.0,242.0,189.0,82.0,107.0,0.23959426372857642,0.2274436090225564,0.25113676110528155
2017,Comunicacion,Estatal,Grado,60356.0,20018.0,40338.0,13861.0,4834.0,9027.0,1945.0,530.0,1415.0,39.62475442043222,22.070904645476773,19.664047151277014
2017,Comunicacion,Estatal,Posgrado,5424.0,1588.0,3836.0,1074.0,336.0,738.0,269.0,83.0,186.0,0.12386980108499096,0.10673994793173272,0.0512787393438388
2017,Comunicacion,Estatal,Pregrado,5771.0,1839.0,3932.0,1515.0,528.0,987.0,490.0,140.0,350.0,9.854636591478696,6.854166666666667,4.609022556390977
2017,Comunicacion,Privada,Grado,29577.0,12643.0,16934.0,8715.0,3967.0,4748.0,2314.0,863.0,1451.0,8.513826043237808,8.585895117540687,6.356460532931121
2017,Comunicacion,Privada,Posgrado,890.0,336.0,554.0,336.0,121.0,215.0,117.0,40.0,77.0,1.1214574898785425,1.4144736842105263,0.680161943319838
2017,Comunicacion,Privada,Pregrado,1784.0,602.0,1182.0,948.0,374.0,574.0,481.0,140.0,341.0,0.5984810126582278,0.7632978723404256,0.30481012658227846
2017,Diseño,Estatal,Grado,32663.0,12214.0,20449.0,7343.0,2995.0,4348.0,2011.0,593.0,1418.0,0.10535345364994153,0.09544716161039646,0.06292665083282242
2017,Diseño,Estatal,Posgrado,448.0,143.0,305.0,91.0,28.0,63.0,24.0,10.0,14.0,5.545454545454546,1.1454545454545455,2.6
2017,Diseño,Estatal,Pregrado,1929.0,653.0,1276.0,558.0,201.0,357.0,99.0,33.0,66.0,0.07946195042969237,0.07456140350877193,0.04066508905218583
2017,Diseño,Privada,Grado,9139.0,2718.0,6421.0,2533.0,839.0,1694.0,550.0,114.0,436.0,3.709416522241479,2.610169491525424,1.5701906412478337
2017,Diseño,Privada,Posgrado,192.0,90.0,102.0,75.0,34.0,41.0,19.0,11.0,8.0,0.007219194564371151,0.008909169926119079,0.006369877556798075
2017,Diseño,Privada,Pregrado,2405.0,774.0,1631.0,731.0,244.0,487.0,442.0,98.0,344.0,0.42875920084121977,0.3573000733675715,0.20347003154574134
2017,Economicas,Estatal,Grado,218093.0,96774.0,121319.0,44741.0,20954.0,23787.0,8783.0,3760.0,5023.0,2.2891673113572466,1.691219338784216,1.82602788837104
2017,Economicas,Estatal,Posgrado,14515.0,8056.0,6459.0,3110.0,1764.0,1346.0,823.0,435.0,388.0,100.921875,25.39622641509434,125.875
2017,Economicas,Estatal,Pregrado,8689.0,4569.0,4120.0,2815.0,1601.0,1214.0,1059.0,519.0,540.0,0.5884033133390459,0.5651769087523277,0.6525278491859469
2017,Economicas,Privada,Grado,72812.0,38968.0,33844.0,19547.0,10581.0,8966.0,4593.0,2300.0,2293.0,15.496336996336996,10.610650887573964,17.842490842490843
2017,Economicas,Privada,Posgrado,8405.0,5651.0,2754.0,3118.0,2020.0,1098.0,1294.0,869.0,425.0,0.589974293059126,0.6901319924575738,1.2105826906598114
2017,Economicas,Privada,Pregrado,2675.0,1018.0,1657.0,1359.0,531.0,828.0,1062.0,511.0,551.0,0.025579277234906373,0.06088682991396426,0.015714969357353465
2017,Educacion,Estatal,Grado,120813.0,31044.0,89769.0,34106.0,9366.0,24740.0,5185.0,1184.0,4001.0,82.96580406654344,132.29946524064172,28.691312384473196
2017,Educacion,Estatal,Posgrado,12034.0,3346.0,8688.0,2522.0,725.0,1797.0,793.0,246.0,547.0,0.5407356693844526,0.5490375802016498,0.20825294081035664
2017,Educacion,Estatal,Pregrado,3609.0,749.0,2860.0,714.0,91.0,623.0,556.0,131.0,425.0,1.6417910447761195,0.5552584670231729,0.42996555683122845
2017,Educacion,Privada,Grado,14472.0,3899.0,10573.0,5650.0,1432.0,4218.0,1522.0,422.0,1100.0,4.292732440113682,3.8275862068965516,1.5830288266341859
2017,Educacion,Privada,Posgrado,3072.0,755.0,2317.0,1204.0,266.0,938.0,649.0,134.0,515.0,0.5279106858054227,0.4589041095890411,0.1720209614946457
2017,Educacion,Privada,Pregrado,0.0,0.0,0.0,0.0,0.0,0.0,13.0,10.0,3.0,0.0,0.0,0.0
2017,Exactas,Estatal,Grado,18078.0,9336.0,8742.0,4397.0,2135.0,2262.0,610.0,364.0,246.0,119.75342465753425,94.25,127.89041095890411
2017,Exactas,Estatal,Posgrado,3033.0,1447.0,1586.0,407.0,211.0,196.0,366.0,179.0,187.0,0.47160273565269106,0.20416666666666666,0.43027059173357124
2017,Exactas,Estatal,Pregrado,1250.0,459.0,791.0,434.0,164.0,270.0,70.0,38.0,32.0,2.6632996632996635,0.9090909090909091,1.5454545454545454
2017,Exactas,Privada,Grado,482.0,197.0,285.0,110.0,40.0,70.0,48.0,22.0,26.0,1.2025316455696202,0.5263157894736842,0.8312236286919831
2017,Exactas,Privada,Pregrado,0.0,0.0,0.0,0.0,0.0,0.0,4.0,1.0,3.0,0.0,0.0,0.0
2017,"Hoteleria, Gastronomia y Turismo",Estatal,Grado,12062.0,3660.0,8402.0,3276.0,1100.0,2176.0,390.0,96.0,294.0,4.436114044350581,3.694397283531409,1.9324181626187962
2017,"Hoteleria, Gastronomia y Turismo",Estatal,Posgrado,479.0,186.0,293.0,65.0,25.0,40.0,18.0,7.0,11.0,0.9606557377049181,0.26143790849673204,0.6098360655737705
2017,"Hoteleria, Gastronomia y Turismo",Estatal,Pregrado,4659.0,1559.0,3100.0,1930.0,656.0,1274.0,397.0,114.0,283.0,0.33721309692157075,0.7296678121420389,0.16958555422604155
2017,"Hoteleria, Gastronomia y Turismo",Privada,Grado,8606.0,2791.0,5815.0,2665.0,920.0,1745.0,543.0,128.0,415.0,65.33707865168539,87.25,31.359550561797754
2017,"Hoteleria, Gastronomia y Turismo",Privada,Pregrado,851.0,245.0,606.0,333.0,157.0,176.0,174.0,40.0,134.0,inf,inf,inf
2017,Informatica,Estatal,Grado,103926.0,87188.0,16738.0,23852.0,20341.0,3511.0,2433.0,1970.0,463.0,38.38990825688074,22.7987012987013,199.9724770642202
2017,Informatica,Estatal,Posgrado,3399.0,2463.0,936.0,530.0,393.0,137.0,129.0,97.0,32.0,0.019739339491332407,0.010495671493143338,0.051942300392256106
2017,Informatica,Estatal,Pregrado,17816.0,15113.0,2703.0,6641.0,5647.0,994.0,1358.0,1097.0,261.0,1.5392938496583144,1.8544776119402986,8.606492027334852
2017,Informatica,Privada,Grado,21759.0,19014.0,2745.0,4937.0,4291.0,646.0,1435.0,1225.0,210.0,5.815677966101695,2.6153846153846154,40.28389830508475
2017,Informatica,Privada,Posgrado,223.0,160.0,63.0,66.0,49.0,17.0,15.0,11.0,4.0,0.01837270341207349,0.011147540983606558,0.04666083406240887
2017,Informatica,Privada,Pregrado,413.0,356.0,57.0,164.0,139.0,25.0,354.0,321.0,33.0,0.015711135611907387,0.021795989537925022,0.09812568908489526
2017,Ingenieria,Estatal,Grado,131959.0,101762.0,30197.0,28121.0,21412.0,6709.0,4968.0,3821.0,1147.0,539.2321428571429,394.6470588235294,1817.1785714285713
2017,Ingenieria,Estatal,Posgrado,3078.0,2097.0,981.0,721.0,490.0,231.0,313.0,212.0,101.0,0.6947592067988668,0.4601593625498008,1.4851274787535411
2017,Ingenieria,Estatal,Pregrado,3442.0,3204.0,238.0,1263.0,1170.0,93.0,714.0,584.0,130.0,4.857142857142857,inf,65.38775510204081
2017,Ingenieria,Privada,Grado,10138.0,8194.0,1944.0,1521.0,1173.0,348.0,807.0,618.0,189.0,0.030254454906232978,0.024018220719166265,0.12752314994942027
2017,Ingenieria,Privada,Posgrado,42.0,35.0,7.0,20.0,16.0,4.0,4.0,3.0,1.0,0.07142857142857142,0.15384615384615385,0.35714285714285715
2017,Ingenieria,Privada,Pregrado,0.0,0.0,0.0,0.0,0.0,0.0,16.0,11.0,5.0,0.0,0.0,0.0
2017,Juridicas,Estatal,Grado,150093.0,61665.0,88428.0,32731.0,14071.0,18660.0,7960.0,3081.0,4879.0,79.02412868632707,34.175824175824175,55.107238605898125
2017,Juridicas,Estatal,Posgrado,17050.0,7388.0,9662.0,3676.0,1633.0,2043.0,1104.0,460.0,644.0,1.244782272610152,0.9019867549668874,0.9518165421283175
2017,Juridicas,Estatal,Pregrado,8302.0,3624.0,4678.0,2711.0,1200.0,1511.0,3460.0,1379.0,2081.0,1.7173274596182084,1.1841692789968652,1.330396475770925
2017,Juridicas,Privada,Grado,71401.0,31414.0,39987.0,18130.0,8170.0,9960.0,5089.0,2136.0,2953.0,1.416271162428278,1.3656931303990127,1.1126301622157682
2017,Juridicas,Privada,Posgrado,5525.0,2471.0,3054.0,1900.0,833.0,1067.0,655.0,333.0,322.0,2.8462255358807083,2.7859007832898173,2.302889095992544
2017,Juridicas,Privada,Pregrado,14679.0,7213.0,7466.0,7607.0,3712.0,3895.0,3321.0,1637.0,1684.0,5.082368958475153,4.838509316770186,4.910142954390742
2017,Naturales,Estatal,Grado,81082.0,36871.0,44211.0,15788.0,6869.0,8919.0,3440.0,1792.0,1648.0,33.544006069802734,19.602197802197804,27.974962063732928
2017,Naturales,Estatal,Posgrado,10715.0,4648.0,6067.0,2403.0,1136.0,1267.0,1261.0,520.0,741.0,0.18528019544968696,0.18728750923872875,0.14194533516567415
2017,Naturales,Estatal,Pregrado,3429.0,1642.0,1787.0,991.0,534.0,457.0,261.0,105.0,156.0,3.26691042047532,2.2401960784313726,3.0018281535648996
2017,Naturales,Privada,Grado,7013.0,3042.0,3971.0,1594.0,708.0,886.0,535.0,226.0,309.0,6.954465849387041,4.520408163265306,5.327495621716287
2017,Naturales,Privada,Posgrado,696.0,343.0,353.0,258.0,150.0,108.0,160.0,83.0,77.0,0.22229219143576825,0.20930232558139536,0.21599496221662468
2017,Naturales,Privada,Pregrado,397.0,292.0,105.0,112.0,93.0,19.0,84.0,44.0,40.0,0.010805804260574252,0.006553984132459468,0.030050427086549345
2017,Otros,Estatal,Grado,54213.0,26972.0,27241.0,18510.0,9119.0,9391.0,2310.0,1106.0,1204.0,179.2171052631579,164.75438596491227,177.44736842105263
2017,Otros,Estatal,Posgrado,5940.0,2741.0,3199.0,2083.0,980.0,1103.0,454.0,282.0,172.0,1.1323893805309735,1.2915690866510539,0.9702654867256637
2017,Otros,Estatal,Pregrado,65030.0,29025.0,36005.0,25194.0,11600.0,13594.0,10547.0,4273.0,6274.0,3.5514894456500294,5.760169491525423,2.8629907279542315
2017,Otros,Privada,Grado,13741.0,7858.0,5883.0,5121.0,2795.0,2326.0,1510.0,724.0,786.0,0.029201971617053592,0.06440002214962069,0.03900545520428474
2017,Otros,Privada,Posgrado,3465.0,932.0,2533.0,1894.0,470.0,1424.0,1070.0,192.0,878.0,17.114864864864863,27.384615384615383,6.297297297297297
2017,Otros,Privada,Pregrado,9660.0,4847.0,4813.0,5335.0,2691.0,2644.0,2804.0,939.0,1865.0,0.3604433460645548,0.7815548329884717,0.3629895903542275
2017,Psicologia,Estatal,Grado,103390.0,20004.0,83386.0,25072.0,5341.0,19731.0,4171.0,597.0,3574.0,41.75563345017526,30.031963470319635,10.017025538307461
2017,Psicologia,Estatal,Posgrado,7617.0,1476.0,6141.0,1980.0,330.0,1650.0,357.0,71.0,286.0,0.44606668119415993,0.32628040340122605,0.10721290041403356
2017,Psicologia,Estatal,Pregrado,1483.0,205.0,1278.0,42.0,1.0,41.0,168.0,19.0,149.0,0.08592751966650979,0.008251157174481787,0.013783365830699926
2017,Psicologia,Privada,Grado,36928.0,6710.0,30218.0,8410.0,1588.0,6822.0,2633.0,369.0,2264.0,0.5208293834778263,0.4935967006728891,0.11565176924800497
2017,Psicologia,Privada,Posgrado,1964.0,482.0,1482.0,820.0,176.0,644.0,124.0,30.0,94.0,9.623376623376624,7.759036144578313,3.1298701298701297
2017,Psicologia,Privada,Pregrado,598.0,119.0,479.0,122.0,20.0,102.0,165.0,23.0,142.0,0.0657967032967033,0.04119547657512116,0.016346153846153847
2017,Salud,Estatal,Grado,235912.0,61456.0,174456.0,67903.0,18171.0,49732.0,10587.0,2720.0,7867.0,72.96361355081555,37.87661843107388,25.70305311585111
2017,Salud,Estatal,Posgrado,18113.0,6283.0,11830.0,4906.0,1816.0,3090.0,2965.0,1081.0,1884.0,15.648148148148149,11.704545454545455,8.31084656084656
2017,Salud,Estatal,Pregrado,6349.0,1363.0,4986.0,1372.0,284.0,1088.0,3662.0,702.0,2960.0,0.5287380699893955,0.3469387755102041,0.1445387062566278
2017,Salud,Privada,Grado,67598.0,20746.0,46852.0,17053.0,5195.0,11858.0,6246.0,1635.0,4611.0,0.44298627132105445,0.43582769773596003,0.19615370069210694
2017,Salud,Privada,Posgrado,8419.0,3304.0,5115.0,2914.0,1123.0,1791.0,1141.0,430.0,711.0,12.12085308056872,17.558823529411764,7.829383886255924
2017,Salud,Privada,Pregrado,1197.0,248.0,949.0,372.0,72.0,300.0,645.0,149.0,496.0,0.08743320434862724,0.11815675462780623,0.0228487193661323
2017,Sociales,Estatal,Grado,69639.0,31044.0,38595.0,16518.0,7679.0,8839.0,2380.0,935.0,1445.0,95.53217821782178,111.88607594936708,76.84158415841584
2017,Sociales,Estatal,Posgrado,16759.0,6683.0,10076.0,3489.0,1559.0,1930.0,1029.0,399.0,630.0,2.6009292720702115,2.4680306905370846,1.725090345895715
2017,Sociales,Estatal,Pregrado,3508.0,1346.0,2162.0,2157.0,801.0,1356.0,435.0,154.0,281.0,0.84453125,1.2744360902255638,0.52578125
2017,Sociales,Privada,Grado,19777.0,7423.0,12354.0,6102.0,2360.0,3742.0,1342.0,440.0,902.0,1.1922408801389692,0.9757496740547588,0.7163674966222737
2017,Sociales,Privada,Posgrado,3502.0,1414.0,2088.0,1188.0,426.0,762.0,270.0,102.0,168.0,0.5771144278606966,0.5939204988308652,0.3908236594803759
2017,Sociales,Privada,Pregrado,637.0,190.0,447.0,334.0,87.0,247.0,235.0,65.0,170.0,0.3596138374899437,0.8517241379310345,0.15285599356395815
