anio,carrera_grupo,carrera_titulo_nivel,Modalidad,estudiantes_total,estudiantes_varones,estudiantes_mujeres,nuevos_inscriptos_total,nuevos_inscriptos_varones,nuevos_inscriptos_mujeres,egresados_total,egresados_varones,egresados_mujeres,estudiantes_mujeres_pct,inscripciones_mujeres_pct,estudiantes_hombres_pct
2011,Arquitectura y Urbanismo,Grado,Presencial,58835.0,30496.0,28339.0,9082.0,4524.0,4558.0,2964.0,1368.0,1596.0,0.5675859720803541,0.6153638450114757,0.610787317991548
2011,Arquitectura y Urbanismo,Posgrado,Presencial,1268.0,547.0,721.0,599.0,282.0,317.0,68.0,25.0,43.0,0.6237024221453287,0.5551663747810858,0.4731833910034602
2011,Arquitectura y Urbanismo,Pregrado,Presencial,200.0,174.0,26.0,62.0,53.0,9.0,32.0,19.0,13.0,0.13,0.14516129032258066,0.87
2011,Artes,Grado,Distancia,191.0,49.0,142.0,64.0,17.0,47.0,1.0,0.0,1.0,0.0159443072086234,0.028059701492537312,0.005501908825510891
2011,Artes,Grado,Presencial,48625.0,19982.0,28643.0,11743.0,5262.0,6481.0,984.0,311.0,673.0,255.74107142857142,231.46428571428572,178.41071428571428
2011,Artes,Posgrado,Presencial,1180.0,382.0,798.0,416.0,127.0,289.0,51.0,18.0,33.0,inf,inf,inf
2011,Artes,Pregrado,Distancia,155.0,119.0,36.0,80.0,64.0,16.0,4.0,3.0,1.0,0.18848167539267016,0.25,0.6230366492146597
2011,Artes,Pregrado,Presencial,3019.0,1632.0,1387.0,1002.0,546.0,456.0,378.0,171.0,207.0,0.030866807610993658,0.04420317952694843,0.03631912762879715
2011,Comunicacion,Grado,Distancia,1514.0,639.0,875.0,962.0,462.0,500.0,20.0,3.0,17.0,0.7543103448275862,1.2468827930174564,0.5508620689655173
2011,Comunicacion,Grado,Presencial,97849.0,35090.0,62759.0,19938.0,7668.0,12270.0,4864.0,1449.0,3415.0,404.89677419354837,153.375,226.38709677419354
2011,Comunicacion,Posgrado,Distancia,56.0,1.0,55.0,56.0,1.0,55.0,0.0,0.0,0.0,0.027241208519068846,0.05876068376068376,0.0004952947003467063
2011,Comunicacion,Posgrado,Presencial,5427.0,1578.0,3849.0,1320.0,437.0,883.0,283.0,83.0,200.0,1.0430894308943088,0.6187806587245971,0.4276422764227642
2011,Comunicacion,Pregrado,Distancia,2038.0,821.0,1217.0,1195.0,490.0,705.0,70.0,26.0,44.0,60.85,47.0,41.05
2011,Comunicacion,Pregrado,Presencial,6590.0,2635.0,3955.0,2002.0,856.0,1146.0,1867.0,580.0,1287.0,3.955,17.363636363636363,2.635
2011,Diseño,Grado,Presencial,46587.0,16537.0,30050.0,9004.0,3068.0,5936.0,2068.0,614.0,1454.0,353.52941176470586,258.0869565217391,194.5529411764706
2011,Diseño,Posgrado,Presencial,659.0,251.0,408.0,393.0,148.0,245.0,87.0,30.0,57.0,0.006049642655911746,0.02022286421791168,0.0037217164378280597
2011,Diseño,Pregrado,Distancia,455.0,233.0,222.0,223.0,128.0,95.0,11.0,3.0,8.0,3.9642857142857144,1.6964285714285714,4.160714285714286
2011,Diseño,Pregrado,Presencial,4851.0,1553.0,3298.0,1507.0,469.0,1038.0,660.0,173.0,487.0,0.7446376157146083,1.0277227722772277,0.350643486114247
2011,Economicas,Grado,Distancia,19642.0,9241.0,10401.0,7048.0,3493.0,3555.0,512.0,202.0,310.0,11.232181425485962,8.024830699774267,9.979481641468682
2011,Economicas,Grado,Presencial,267691.0,123660.0,144031.0,48747.0,23308.0,25439.0,13527.0,6125.0,7402.0,28.916081108211202,17.78951048951049,24.826340092350932
2011,Economicas,Posgrado,Distancia,39.0,9.0,30.0,36.0,9.0,27.0,18.0,7.0,11.0,0.02099370188943317,0.02875399361022364,0.006298110566829951
2011,Economicas,Posgrado,Presencial,15277.0,9049.0,6228.0,5289.0,3244.0,2045.0,1877.0,1180.0,697.0,0.20482125826289999,0.26140866675188545,0.297595948301378
2011,Economicas,Pregrado,Distancia,3502.0,1495.0,2007.0,1769.0,798.0,971.0,254.0,108.0,146.0,2.0110220440881763,3.132258064516129,1.497995991983968
2011,Economicas,Pregrado,Presencial,12254.0,6242.0,6012.0,4173.0,2165.0,2008.0,2871.0,1348.0,1523.0,5.406474820143885,2.6702127659574466,5.613309352517986
2011,Educacion,Grado,Distancia,10867.0,1467.0,9400.0,4247.0,613.0,3634.0,659.0,74.0,585.0,5.84213797389683,6.353146853146853,0.9117464263517713
2011,Educacion,Grado,Presencial,108111.0,26289.0,81822.0,30871.0,8281.0,22590.0,5596.0,1244.0,4352.0,2.1620864602050522,3.3561135046798394,0.694667582707959
2011,Educacion,Posgrado,Distancia,4605.0,1121.0,3484.0,3305.0,890.0,2415.0,1284.0,267.0,1017.0,6.738878143133462,7.208955223880597,2.1682785299806575
2011,Educacion,Posgrado,Presencial,9500.0,2782.0,6718.0,2438.0,770.0,1668.0,617.0,171.0,446.0,14.764835164835166,7.479820627802691,6.114285714285714
2011,Educacion,Pregrado,Distancia,532.0,140.0,392.0,132.0,35.0,97.0,17.0,3.0,14.0,0.22323462414578588,0.2086021505376344,0.07972665148063782
2011,Educacion,Pregrado,Presencial,6187.0,1134.0,5053.0,1472.0,318.0,1154.0,438.0,55.0,383.0,0.5779480727439094,0.5076990761108667,0.1297037630104083
2011,Exactas,Grado,Distancia,181.0,42.0,139.0,61.0,8.0,53.0,17.0,5.0,12.0,0.9788732394366197,0.9137931034482759,0.29577464788732394
2011,Exactas,Grado,Presencial,19139.0,9684.0,9455.0,4409.0,2099.0,2310.0,701.0,309.0,392.0,3.0549273021001615,2.216890595009597,3.12891760904685
2011,Exactas,Posgrado,Presencial,2486.0,1087.0,1399.0,416.0,211.0,205.0,299.0,137.0,162.0,0.16216529500405702,0.08951965065502183,0.12599976816969977
2011,Exactas,Pregrado,Presencial,2093.0,702.0,1391.0,605.0,198.0,407.0,462.0,182.0,280.0,0.0065886699507389165,0.011442869995501575,0.0033251231527093596
2011,"Hoteleria, Gastronomia y Turismo",Grado,Distancia,1321.0,322.0,999.0,441.0,109.0,332.0,99.0,14.0,85.0,0.10518003790271636,0.11694258541740049,0.03390187407875342
2011,"Hoteleria, Gastronomia y Turismo",Grado,Presencial,18760.0,5942.0,12818.0,4516.0,1518.0,2998.0,807.0,196.0,611.0,6.012195121951219,3.3497206703910614,2.7870544090056284
2011,"Hoteleria, Gastronomia y Turismo",Posgrado,Presencial,181.0,113.0,68.0,52.0,24.0,28.0,7.0,3.0,4.0,0.00609373599784927,0.007438894792773645,0.010126355408190698
2011,"Hoteleria, Gastronomia y Turismo",Pregrado,Distancia,792.0,237.0,555.0,399.0,175.0,224.0,59.0,8.0,51.0,0.050385837494325916,0.047078604455653636,0.021516114389468904
2011,"Hoteleria, Gastronomia y Turismo",Pregrado,Presencial,4736.0,1607.0,3129.0,1509.0,569.0,940.0,541.0,143.0,398.0,0.05531102508352336,0.0713255937476288,0.028406780859450954
2011,Informatica,Grado,Distancia,3264.0,2575.0,689.0,1298.0,1061.0,237.0,148.0,98.0,50.0,17.666666666666668,6.583333333333333,66.02564102564102
2011,Informatica,Grado,Presencial,135439.0,110353.0,25086.0,27308.0,22964.0,4344.0,4800.0,3542.0,1258.0,4.340889427236546,1.7730612244897959,19.09551825575359
2011,Informatica,Posgrado,Distancia,63.0,17.0,46.0,58.0,17.0,41.0,1.0,1.0,0.0,0.033576642335766425,0.04691075514874142,0.012408759124087591
2011,Informatica,Posgrado,Presencial,2388.0,1614.0,774.0,534.0,411.0,123.0,139.0,95.0,44.0,0.7068493150684931,0.30073349633251834,1.473972602739726
2011,Informatica,Pregrado,Distancia,895.0,626.0,269.0,318.0,235.0,83.0,88.0,57.0,31.0,0.02722672064777328,0.02301081230939839,0.06336032388663967
2011,Informatica,Pregrado,Presencial,21919.0,17500.0,4419.0,7574.0,6203.0,1371.0,2378.0,1909.0,469.0,0.04429098344224833,0.0490817312855762,0.1753999117989015
2011,Ingenieria,Grado,Distancia,136.0,105.0,31.0,45.0,35.0,10.0,20.0,12.0,8.0,0.3333333333333333,0.13513513513513514,1.1290322580645162
2011,Ingenieria,Grado,Presencial,116705.0,94965.0,21740.0,23231.0,18578.0,4653.0,4686.0,3707.0,979.0,2.5367561260210034,2.198960302457467,11.081096849474912
2011,Ingenieria,Posgrado,Presencial,2289.0,1507.0,782.0,660.0,432.0,228.0,240.0,159.0,81.0,1.4699248120300752,1.7272727272727273,2.832706766917293
2011,Ingenieria,Pregrado,Presencial,5168.0,4719.0,449.0,1918.0,1770.0,148.0,939.0,804.0,135.0,0.0739581617525943,0.103424178895877,0.7773019271948608
2011,Juridicas,Grado,Distancia,24409.0,10942.0,13467.0,9962.0,4871.0,5091.0,533.0,254.0,279.0,13.644376899696049,7.9546875,11.08611955420466
2011,Juridicas,Grado,Presencial,192867.0,81455.0,111412.0,35592.0,15637.0,19955.0,10685.0,4363.0,6322.0,13.360354958628132,6.792035398230088,9.767957788703681
2011,Juridicas,Posgrado,Presencial,21384.0,9687.0,11697.0,5796.0,2597.0,3199.0,1301.0,570.0,731.0,2.5924202127659575,0.9900959455277004,2.1469414893617023
2011,Juridicas,Pregrado,Distancia,8862.0,4476.0,4386.0,4965.0,2606.0,2359.0,969.0,453.0,516.0,4.716129032258064,7.326086956521739,4.812903225806451
2011,Juridicas,Pregrado,Presencial,12765.0,6584.0,6181.0,4926.0,2533.0,2393.0,4205.0,2013.0,2192.0,53.28448275862069,58.36585365853659,56.758620689655174
2011,Naturales,Grado,Distancia,3256.0,816.0,2440.0,1121.0,330.0,791.0,22.0,6.0,16.0,0.13050221960742364,0.18259464450600185,0.04364336524576135
2011,Naturales,Grado,Presencial,92075.0,45026.0,47049.0,16040.0,7531.0,8509.0,4160.0,2143.0,2017.0,18.92558326629123,20.454326923076923,18.111826226870473
2011,Naturales,Posgrado,Distancia,7.0,6.0,1.0,7.0,6.0,1.0,0.0,0.0,0.0,0.00047778308647873863,0.001652892561983471,0.002866698518872432
2011,Naturales,Posgrado,Presencial,11663.0,4993.0,6670.0,3485.0,1481.0,2004.0,1208.0,478.0,730.0,36.850828729281766,32.85245901639344,27.585635359116022
2011,Naturales,Pregrado,Distancia,654.0,405.0,249.0,183.0,107.0,76.0,65.0,45.0,20.0,0.5633484162895928,0.987012987012987,0.916289592760181
2011,Naturales,Pregrado,Presencial,8586.0,4501.0,4085.0,2990.0,1532.0,1458.0,737.0,369.0,368.0,inf,inf,inf
2011,Otros,Grado,Distancia,1305.0,722.0,583.0,773.0,469.0,304.0,22.0,9.0,13.0,0.664009111617312,1.1471698113207547,0.8223234624145785
2011,Otros,Grado,Presencial,34874.0,18778.0,16096.0,13521.0,7264.0,6257.0,1670.0,1088.0,582.0,1.532660445629404,2.514871382636656,1.7880403732622359
2011,Otros,Posgrado,Presencial,4263.0,2096.0,2167.0,954.0,564.0,390.0,295.0,218.0,77.0,12.106145251396647,7.5,11.70949720670391
2011,Otros,Pregrado,Distancia,2013.0,939.0,1074.0,945.0,424.0,521.0,59.0,34.0,25.0,3.498371335504886,3.33974358974359,3.0586319218241043
2011,Otros,Pregrado,Presencial,8419.0,4462.0,3957.0,3363.0,1675.0,1688.0,2362.0,947.0,1415.0,0.9260472735782822,1.2205350686912508,1.0442312192838754
2011,Psicologia,Grado,Distancia,810.0,41.0,769.0,195.0,6.0,189.0,27.0,2.0,25.0,1.7358916478555304,1.0738636363636365,0.09255079006772009
2011,Psicologia,Grado,Presencial,120515.0,21810.0,98705.0,24848.0,5113.0,19735.0,6765.0,885.0,5880.0,11.952651973843546,9.731262327416173,2.6410753209009443
2011,Psicologia,Posgrado,Distancia,1259.0,279.0,980.0,500.0,129.0,371.0,119.0,25.0,94.0,490.0,inf,139.5
2011,Psicologia,Posgrado,Presencial,6902.0,1252.0,5650.0,1880.0,367.0,1513.0,345.0,66.0,279.0,11.649484536082474,6.226337448559671,2.5814432989690723
2011,Psicologia,Pregrado,Presencial,3187.0,559.0,2628.0,1284.0,225.0,1059.0,483.0,58.0,425.0,5.676025917926566,8.404761904761905,1.207343412526998
2011,Salud,Grado,Distancia,3086.0,911.0,2175.0,1742.0,535.0,1207.0,506.0,106.0,400.0,1.9736842105263157,4.503731343283582,0.8266787658802178
2011,Salud,Grado,Presencial,228600.0,63196.0,165404.0,51622.0,13714.0,37908.0,15291.0,4053.0,11238.0,1.5089953654709338,1.725051194539249,0.5765427143013538
2011,Salud,Posgrado,Distancia,14.0,5.0,9.0,0.0,0.0,0.0,0.0,0.0,0.0,0.14285714285714285,0.0,0.07936507936507936
2011,Salud,Posgrado,Presencial,19885.0,7444.0,12441.0,5239.0,2122.0,3117.0,2444.0,1078.0,1366.0,5.509743135518158,6.374233128834356,3.2967227635075287
2011,Salud,Pregrado,Distancia,2236.0,573.0,1663.0,839.0,203.0,636.0,115.0,19.0,96.0,2.1458064516129034,2.5338645418326693,0.7393548387096774
2011,Salud,Pregrado,Presencial,14822.0,3276.0,11546.0,4710.0,1020.0,3690.0,6055.0,1514.0,4541.0,0.5407202734978691,0.5023825731790333,0.15342106495574392
2011,Sociales,Grado,Distancia,7972.0,3002.0,4970.0,3819.0,1498.0,2321.0,128.0,41.0,87.0,2.2987974098057355,2.253398058252427,1.3885291396854764
2011,Sociales,Grado,Presencial,78718.0,33789.0,44929.0,16061.0,7235.0,8826.0,3008.0,1163.0,1845.0,1.7396135826847872,1.6549784361522595,1.3082820304332674
2011,Sociales,Posgrado,Distancia,103.0,33.0,70.0,39.0,5.0,34.0,34.0,4.0,30.0,0.5384615384615384,0.7555555555555555,0.25384615384615383
2011,Sociales,Posgrado,Presencial,13661.0,5386.0,8275.0,4084.0,1650.0,2434.0,1074.0,418.0,656.0,68.95833333333333,36.32835820895522,44.88333333333333
2011,Sociales,Pregrado,Distancia,978.0,267.0,711.0,464.0,131.0,333.0,167.0,42.0,125.0,1.256183745583039,1.4541484716157205,0.4717314487632509
2011,Sociales,Pregrado,Presencial,3207.0,1357.0,1850.0,812.0,333.0,479.0,866.0,343.0,523.0,13.602941176470589,10.644444444444444,9.977941176470589
2012,Arquitectura y Urbanismo,Grado,Presencial,59802.0,30629.0,29173.0,9449.0,4729.0,4720.0,2494.0,1108.0,1386.0,0.2687863934547063,0.21934104744644267,0.2822012972654235
2012,Arquitectura y Urbanismo,Posgrado,Presencial,1192.0,469.0,723.0,423.0,176.0,247.0,50.0,16.0,34.0,0.32320071524362987,0.3859375,0.2096557890031292
2012,Arquitectura y Urbanismo,Pregrado,Presencial,108.0,94.0,14.0,29.0,25.0,4.0,70.0,21.0,49.0,0.0027089783281733747,0.0020855057351407717,0.018188854489164085
2012,Artes,Grado,Distancia,208.0,47.0,161.0,69.0,15.0,54.0,2.0,0.0,2.0,0.01970865467009426,0.03154205607476635,0.005753458195617579
2012,Artes,Grado,Presencial,47059.0,19768.0,27291.0,12385.0,5817.0,6568.0,874.0,267.0,607.0,524.8269230769231,328.4,380.15384615384613
2012,Artes,Posgrado,Presencial,1564.0,472.0,1092.0,537.0,184.0,353.0,59.0,24.0,35.0,inf,inf,inf
2012,Artes,Pregrado,Distancia,177.0,140.0,37.0,87.0,68.0,19.0,3.0,3.0,0.0,0.029272151898734177,0.02043010752688172,0.11075949367088607
2012,Artes,Pregrado,Presencial,3564.0,1896.0,1668.0,1380.0,700.0,680.0,383.0,179.0,204.0,0.011248002265784629,0.026024723487312947,0.012785498978373895
2012,Comunicacion,Grado,Distancia,2089.0,925.0,1164.0,1262.0,622.0,640.0,26.0,4.0,22.0,0.0773062363020522,0.17792604948568252,0.06143322042903633
2012,Comunicacion,Grado,Presencial,97094.0,35065.0,62029.0,20637.0,7907.0,12730.0,5290.0,1621.0,3669.0,31.615188583078492,19.464831804281346,17.872069317023445
2012,Comunicacion,Posgrado,Distancia,73.0,12.0,61.0,34.0,12.0,22.0,0.0,0.0,0.0,0.007070824156717283,0.006754682222904513,0.0013909818013214327
2012,Comunicacion,Posgrado,Presencial,5926.0,1963.0,3963.0,1404.0,481.0,923.0,252.0,73.0,179.0,0.1712248865845755,0.10219220549158547,0.08481313458630374
2012,Comunicacion,Pregrado,Distancia,2421.0,967.0,1454.0,1418.0,578.0,840.0,131.0,33.0,98.0,0.032619912953739845,0.08876677586389094,0.021694261228518866
2012,Comunicacion,Pregrado,Presencial,8551.0,3268.0,5283.0,2254.0,1047.0,1207.0,1627.0,516.0,1111.0,0.8349928876244666,0.5488858572078218,0.5165165165165165
2012,Diseño,Grado,Presencial,44913.0,16017.0,28896.0,9093.0,3322.0,5771.0,1755.0,528.0,1227.0,4.187826086956521,1.3386685223845975,2.321304347826087
2012,Diseño,Posgrado,Presencial,356.0,129.0,227.0,168.0,61.0,107.0,83.0,34.0,49.0,0.05485741904301595,0.06411024565608149,0.031174480425326244
2012,Diseño,Pregrado,Distancia,496.0,239.0,257.0,217.0,102.0,115.0,9.0,4.0,5.0,0.0925792507204611,0.12156448202959831,0.08609510086455331
2012,Diseño,Pregrado,Presencial,4926.0,1557.0,3369.0,1473.0,420.0,1053.0,673.0,203.0,470.0,0.03959755997226173,0.07270091135045567,0.018300208037047048
2012,Economicas,Grado,Distancia,22100.0,10525.0,11575.0,8173.0,4132.0,4041.0,501.0,220.0,281.0,1653.5714285714287,577.2857142857143,1503.5714285714287
2012,Economicas,Grado,Presencial,263111.0,122168.0,140943.0,49232.0,23708.0,25524.0,12943.0,5737.0,7206.0,13.464176538020634,9.638972809667674,11.670615208253725
2012,Economicas,Posgrado,Distancia,96.0,28.0,68.0,93.0,28.0,65.0,18.0,7.0,11.0,0.10397553516819572,0.3551912568306011,0.04281345565749235
2012,Economicas,Posgrado,Presencial,15984.0,9467.0,6517.0,5724.0,3466.0,2258.0,1721.0,1120.0,601.0,0.8773559504577275,0.8858375833660259,1.2745018847603662
2012,Economicas,Pregrado,Distancia,4297.0,1755.0,2542.0,1709.0,682.0,1027.0,523.0,237.0,286.0,5.295833333333333,5.868571428571428,3.65625
2012,Economicas,Pregrado,Presencial,12956.0,6532.0,6424.0,4925.0,2579.0,2346.0,3057.0,1394.0,1663.0,0.9185015727766657,1.5077120822622108,0.9339433800400343
2012,Educacion,Grado,Distancia,11975.0,1717.0,10258.0,4006.0,659.0,3347.0,1058.0,113.0,945.0,8.584100418410042,3.998805256869773,1.4368200836820084
2012,Educacion,Grado,Presencial,108764.0,26843.0,81921.0,29543.0,8179.0,21364.0,5634.0,1287.0,4347.0,inf,inf,inf
2012,Educacion,Posgrado,Distancia,4650.0,1131.0,3519.0,3279.0,878.0,2401.0,1286.0,269.0,1017.0,3.038860103626943,5.444444444444445,0.9766839378238342
2012,Educacion,Posgrado,Presencial,10577.0,3144.0,7433.0,2460.0,730.0,1730.0,614.0,183.0,431.0,14.603143418467583,4.805555555555555,6.176817288801572
2012,Educacion,Pregrado,Distancia,401.0,98.0,303.0,65.0,7.0,58.0,24.0,9.0,15.0,0.01182762120384105,0.00565357247295058,0.00382543524084628
2012,Educacion,Pregrado,Presencial,3805.0,714.0,3091.0,804.0,235.0,569.0,551.0,115.0,436.0,0.7821356275303644,0.6608594657375145,0.18066801619433198
2012,Exactas,Grado,Distancia,220.0,51.0,169.0,66.0,14.0,52.0,3.0,1.0,2.0,0.1212338593974175,0.09252669039145907,0.036585365853658534
2012,Exactas,Grado,Presencial,19332.0,9874.0,9458.0,4436.0,2144.0,2292.0,685.0,315.0,370.0,1.27038280725319,0.7492644655116051,1.3262592343854935
2012,Exactas,Posgrado,Presencial,2895.0,1230.0,1665.0,609.0,284.0,325.0,327.0,136.0,191.0,2.091708542713568,0.7869249394673123,1.5452261306532664
2012,Exactas,Pregrado,Presencial,1670.0,548.0,1122.0,483.0,164.0,319.0,502.0,207.0,295.0,0.12121866897147796,0.09779276517473942,0.05920484010371651
2012,"Hoteleria, Gastronomia y Turismo",Grado,Distancia,1691.0,459.0,1232.0,581.0,194.0,387.0,120.0,19.0,101.0,3.9614147909967845,4.161290322580645,1.4758842443729903
2012,"Hoteleria, Gastronomia y Turismo",Grado,Presencial,18710.0,6238.0,12472.0,4506.0,1561.0,2945.0,818.0,191.0,627.0,20.148626817447497,7.689295039164491,10.077544426494345
2012,"Hoteleria, Gastronomia y Turismo",Posgrado,Presencial,379.0,143.0,236.0,81.0,31.0,50.0,6.0,3.0,3.0,0.24229979466119098,0.16447368421052633,0.14681724845995894
2012,"Hoteleria, Gastronomia y Turismo",Pregrado,Distancia,811.0,237.0,574.0,409.0,171.0,238.0,73.0,14.0,59.0,1.4642857142857142,3.966666666666667,0.6045918367346939
2012,"Hoteleria, Gastronomia y Turismo",Pregrado,Presencial,4757.0,1665.0,3092.0,1639.0,610.0,1029.0,523.0,145.0,378.0,0.0333466345998296,0.05553157042633567,0.01795670976995999
2012,Informatica,Grado,Distancia,3371.0,2703.0,668.0,1447.0,1172.0,275.0,172.0,120.0,52.0,0.8918558077436582,3.5256410256410255,3.608811748998665
2012,Informatica,Grado,Presencial,131662.0,108261.0,23401.0,26497.0,22401.0,4096.0,4788.0,3771.0,1017.0,4.432847130138284,3.5249569707401034,20.507861337374504
2012,Informatica,Posgrado,Distancia,56.0,10.0,46.0,0.0,0.0,0.0,2.0,0.0,2.0,0.016999260901699925,0.0,0.003695491500369549
2012,Informatica,Posgrado,Presencial,2960.0,2030.0,930.0,655.0,454.0,201.0,157.0,114.0,43.0,2.22488038277512,1.488888888888889,4.856459330143541
2012,Informatica,Pregrado,Distancia,933.0,663.0,270.0,370.0,283.0,87.0,73.0,55.0,18.0,0.009715025906735751,0.013770180436847104,0.023855785837651123
2012,Informatica,Pregrado,Presencial,22214.0,17917.0,4297.0,8017.0,6554.0,1463.0,2371.0,1936.0,435.0,8.425490196078432,3.4668246445497632,35.13137254901961
2012,Ingenieria,Grado,Distancia,117.0,94.0,23.0,47.0,38.0,9.0,4.0,4.0,0.0,0.014171287738755391,0.012534818941504178,0.05791743684534812
2012,Ingenieria,Grado,Presencial,120293.0,97185.0,23108.0,24572.0,19170.0,5402.0,4758.0,3898.0,860.0,48.04158004158004,41.87596899224806,202.04781704781703
2012,Ingenieria,Posgrado,Presencial,3029.0,2060.0,969.0,851.0,611.0,240.0,303.0,194.0,109.0,1.1280558789289872,0.8695652173913043,2.39813736903376
2012,Ingenieria,Pregrado,Presencial,5127.0,4759.0,368.0,2071.0,1926.0,145.0,951.0,830.0,121.0,0.0020041062394144525,0.0036706072956484317,0.02591723259068853
2012,Juridicas,Grado,Distancia,26235.0,11649.0,14586.0,10084.0,4836.0,5248.0,764.0,302.0,462.0,1.0517738678973176,1.7331571994715984,0.8399913469858667
2012,Juridicas,Grado,Presencial,190415.0,79988.0,110427.0,36618.0,15796.0,20822.0,11154.0,4407.0,6747.0,49.385957066189626,24.817640047675805,35.772808586762075
2012,Juridicas,Posgrado,Presencial,20964.0,9124.0,11840.0,5700.0,2530.0,3170.0,1484.0,694.0,790.0,0.9357464632893385,0.8328954282711508,0.7210938117442504
2012,Juridicas,Pregrado,Distancia,10703.0,5439.0,5264.0,5800.0,3029.0,2771.0,1492.0,693.0,799.0,2.363718006286484,1.8901773533424284,2.442299057027391
2012,Juridicas,Pregrado,Presencial,12621.0,6487.0,6134.0,4209.0,2148.0,2061.0,4385.0,2016.0,2369.0,0.13638081686195166,0.17006353659542867,0.14422927273940014
2012,Naturales,Grado,Distancia,2585.0,841.0,1744.0,1143.0,415.0,728.0,69.0,24.0,45.0,124.57142857142857,inf,60.07142857142857
2012,Naturales,Grado,Presencial,94495.0,45618.0,48877.0,17056.0,7890.0,9166.0,4141.0,2142.0,1999.0,8.123151071962772,4.145635459068295,7.581519029416653
2012,Naturales,Posgrado,Distancia,36.0,23.0,13.0,19.0,10.0,9.0,0.0,0.0,0.0,0.00599354541263255,0.00995575221238938,0.010603964960811434
2012,Naturales,Posgrado,Presencial,11326.0,4792.0,6534.0,2716.0,1205.0,1511.0,1705.0,700.0,1005.0,1.4260148406809254,0.8546380090497737,1.0458315146224355
2012,Naturales,Pregrado,Distancia,602.0,376.0,226.0,222.0,135.0,87.0,67.0,40.0,27.0,0.0034824414071528732,0.007078350012204052,0.00579379632340478
2012,Naturales,Pregrado,Presencial,8154.0,4100.0,4054.0,2748.0,1449.0,1299.0,625.0,281.0,344.0,0.3577164034236301,0.41120607787274455,0.3617753463337157
2012,Otros,Grado,Distancia,1560.0,859.0,701.0,952.0,559.0,393.0,41.0,21.0,20.0,0.7167689161554193,0.8469827586206896,0.878323108384458
2012,Otros,Grado,Presencial,41133.0,22317.0,18816.0,15240.0,8379.0,6861.0,1840.0,1155.0,685.0,6.187438342650444,8.717916137229988,7.338704373561328
2012,Otros,Posgrado,Presencial,2541.0,1560.0,981.0,947.0,620.0,327.0,329.0,239.0,90.0,0.28938053097345134,0.15943442223305704,0.46017699115044247
2012,Otros,Pregrado,Distancia,3591.0,1881.0,1710.0,2285.0,1300.0,985.0,43.0,19.0,24.0,0.1237247666594313,0.2612732095490716,0.13609724332537443
2012,Otros,Pregrado,Presencial,7567.0,4004.0,3563.0,2536.0,1243.0,1293.0,2828.0,1223.0,1605.0,34.592233009708735,33.15384615384615,38.87378640776699
2012,Psicologia,Grado,Distancia,1119.0,66.0,1053.0,387.0,29.0,358.0,51.0,3.0,48.0,0.452319587628866,0.387027027027027,0.028350515463917526
2012,Psicologia,Grado,Presencial,119831.0,22236.0,97595.0,25653.0,5420.0,20233.0,6908.0,880.0,6028.0,587.9216867469879,809.32,133.95180722891567
2012,Psicologia,Posgrado,Distancia,1257.0,256.0,1001.0,438.0,95.0,343.0,117.0,24.0,93.0,0.019721806288911656,0.04425235453489872,0.005043738671290094
2012,Psicologia,Posgrado,Presencial,6961.0,1298.0,5663.0,1894.0,424.0,1470.0,388.0,86.0,302.0,5.267906976744186,3.994565217391304,1.2074418604651163
2012,Psicologia,Pregrado,Presencial,3130.0,545.0,2585.0,910.0,167.0,743.0,436.0,59.0,377.0,23.935185185185187,25.620689655172413,5.046296296296297
2012,Salud,Grado,Distancia,4830.0,1551.0,3279.0,2170.0,735.0,1435.0,478.0,100.0,378.0,0.3624806544328985,0.8451118963486455,0.17145699756798585
2012,Salud,Grado,Presencial,232993.0,64578.0,168415.0,52721.0,14382.0,38339.0,15332.0,4113.0,11219.0,1439.4444444444443,697.0727272727273,551.9487179487179
2012,Salud,Posgrado,Distancia,9.0,3.0,6.0,2.0,2.0,0.0,7.0,4.0,3.0,inf,,inf
2012,Salud,Posgrado,Presencial,23278.0,8918.0,14360.0,6584.0,2483.0,4101.0,2822.0,1127.0,1695.0,69.03846153846153,59.43478260869565,42.875
2012,Salud,Pregrado,Distancia,2615.0,692.0,1923.0,1173.0,368.0,805.0,159.0,34.0,125.0,0.04402875721219892,0.07025045815516189,0.015843941752907775
2012,Salud,Pregrado,Presencial,14245.0,3218.0,11027.0,3968.0,980.0,2988.0,4626.0,938.0,3688.0,7.1650422352176735,5.746153846153846,2.0909681611436
2012,Sociales,Grado,Distancia,8744.0,3385.0,5359.0,4015.0,1676.0,2339.0,121.0,38.0,83.0,30.27683615819209,26.885057471264368,19.124293785310734
2012,Sociales,Grado,Presencial,79095.0,34195.0,44900.0,16362.0,7388.0,8974.0,3559.0,1316.0,2243.0,20.33514492753623,9.496296296296297,15.486865942028986
2012,Sociales,Posgrado,Distancia,1057.0,462.0,595.0,223.0,95.0,128.0,55.0,12.0,43.0,0.17587939698492464,0.13822894168466524,0.13656517883535324
2012,Sociales,Posgrado,Presencial,16684.0,6441.0,10243.0,4308.0,1753.0,2555.0,1088.0,435.0,653.0,409.72,150.2941176470588,257.64
2012,Sociales,Pregrado,Distancia,1063.0,274.0,789.0,525.0,138.0,387.0,132.0,38.0,94.0,0.581858407079646,0.8896551724137931,0.20206489675516223
2012,Sociales,Pregrado,Presencial,2170.0,945.0,1225.0,500.0,242.0,258.0,775.0,322.0,453.0,11.448598130841122,8.6,8.83177570093458
2013,Arquitectura y Urbanismo,Grado,Presencial,60082.0,30347.0,29735.0,8982.0,4384.0,4598.0,2982.0,1299.0,1683.0,0.4444560700726436,0.3548660955468087,0.4536037786613255
2013,Arquitectura y Urbanismo,Posgrado,Presencial,1579.0,634.0,945.0,464.0,186.0,278.0,72.0,30.0,42.0,12.945205479452055,8.176470588235293,8.684931506849315
2013,Arquitectura y Urbanismo,Pregrado,Presencial,114.0,97.0,17.0,29.0,24.0,5.0,155.0,46.0,109.0,0.003357693067351373,0.004878048780487805,0.019158601619593128
2013,Artes,Grado,Distancia,350.0,75.0,275.0,135.0,33.0,102.0,3.0,2.0,1.0,0.2979414951245937,0.2388758782201405,0.08125677139761647
2013,Artes,Grado,Presencial,49259.0,20899.0,28360.0,12883.0,5597.0,7286.0,1050.0,372.0,678.0,4.054904203603089,4.240977881257276,2.9881326851587073
2013,Artes,Posgrado,Presencial,1225.0,365.0,860.0,357.0,106.0,251.0,33.0,11.0,22.0,0.4339051463168517,0.20373376623376624,0.1841574167507568
2013,Artes,Pregrado,Distancia,297.0,211.0,86.0,168.0,109.0,59.0,3.0,2.0,1.0,0.0028484366719660837,0.007682291666666666,0.006988606253312136
2013,Artes,Pregrado,Presencial,3918.0,2165.0,1753.0,1610.0,873.0,737.0,462.0,219.0,243.0,2.0312862108922363,1.9445910290237467,2.5086906141367322
2013,Comunicacion,Grado,Distancia,2129.0,922.0,1207.0,1082.0,526.0,556.0,33.0,6.0,27.0,0.8057409879839786,0.5610494450050454,0.6154873164218959
2013,Comunicacion,Grado,Presencial,94713.0,34346.0,60367.0,19791.0,7721.0,12070.0,4490.0,1430.0,3060.0,38.7713551701991,22.51865671641791,22.059087989723828
2013,Comunicacion,Posgrado,Distancia,95.0,22.0,73.0,24.0,11.0,13.0,2.0,0.0,2.0,0.0020328599275967695,0.001985945615643141,0.0006126427179058759
2013,Comunicacion,Posgrado,Presencial,6341.0,2176.0,4165.0,1452.0,485.0,967.0,300.0,93.0,207.0,17.72340425531915,8.126050420168067,9.259574468085106
2013,Comunicacion,Pregrado,Distancia,2569.0,1044.0,1525.0,1371.0,582.0,789.0,217.0,61.0,156.0,3.0745967741935485,3.6359447004608296,2.1048387096774195
2013,Comunicacion,Pregrado,Presencial,8143.0,3193.0,4950.0,2106.0,958.0,1148.0,1566.0,503.0,1063.0,2.564766839378238,2.273267326732673,1.6544041450777203
2013,Diseño,Grado,Presencial,44646.0,15849.0,28797.0,9243.0,3435.0,5808.0,2153.0,627.0,1526.0,3.198600466511163,2.280329799764429,1.7604131956014661
2013,Diseño,Posgrado,Presencial,511.0,197.0,314.0,172.0,71.0,101.0,131.0,52.0,79.0,2.5950413223140494,2.061224489795918,1.628099173553719
2013,Diseño,Pregrado,Distancia,526.0,263.0,263.0,198.0,102.0,96.0,10.0,6.0,4.0,0.08778371161548731,0.09917355371900827,0.08778371161548731
2013,Diseño,Pregrado,Presencial,4614.0,1404.0,3210.0,1438.0,450.0,988.0,651.0,151.0,500.0,0.32248342374924654,0.3443708609271523,0.1410488245931284
2013,Economicas,Grado,Distancia,23098.0,10899.0,12199.0,7514.0,3732.0,3782.0,720.0,285.0,435.0,0.05939837176690558,0.10436558308957448,0.053068518229978184
2013,Economicas,Grado,Presencial,258417.0,119369.0,139048.0,49328.0,23342.0,25986.0,12833.0,5771.0,7062.0,2439.438596491228,455.89473684210526,2094.1929824561403
2013,Economicas,Posgrado,Distancia,208.0,81.0,127.0,119.0,50.0,69.0,32.0,9.0,23.0,0.012640589230616105,0.020921770770163734,0.008062108091967751
2013,Economicas,Posgrado,Presencial,17221.0,10157.0,7064.0,5202.0,3031.0,2171.0,1925.0,1278.0,647.0,2.813221823974512,3.51294498381877,4.04500199123855
2013,Economicas,Pregrado,Distancia,4309.0,1723.0,2586.0,1904.0,773.0,1131.0,519.0,207.0,312.0,0.2150698602794411,0.24786324786324787,0.1432967398536261
2013,Economicas,Pregrado,Presencial,13258.0,6569.0,6689.0,4905.0,2484.0,2421.0,3053.0,1415.0,1638.0,0.5507162851967726,0.45644796380090497,0.5408364893792195
2013,Educacion,Grado,Distancia,12958.0,2042.0,10916.0,4408.0,895.0,3513.0,1303.0,150.0,1153.0,0.1890707543084784,0.27035554871479145,0.03536849398112064
2013,Educacion,Grado,Presencial,112300.0,28067.0,84233.0,30390.0,8296.0,22094.0,6540.0,1424.0,5116.0,2159.8205128205127,613.7222222222222,719.6666666666666
2013,Educacion,Posgrado,Distancia,5774.0,1087.0,4687.0,1954.0,353.0,1601.0,1391.0,235.0,1156.0,0.7894559541856156,0.6599340478153339,0.18308910224018865
2013,Educacion,Posgrado,Presencial,11590.0,3391.0,8199.0,2947.0,856.0,2091.0,912.0,285.0,627.0,4.590705487122061,1.916590284142988,1.898656215005599
2013,Educacion,Pregrado,Distancia,546.0,165.0,381.0,218.0,78.0,140.0,58.0,16.0,42.0,0.40879828326180256,0.3867403314917127,0.17703862660944206
2013,Educacion,Pregrado,Presencial,4705.0,986.0,3719.0,1835.0,505.0,1330.0,394.0,82.0,312.0,0.3476675703468262,0.4001203369434416,0.0921753762737216
2013,Exactas,Grado,Distancia,202.0,43.0,159.0,52.0,10.0,42.0,13.0,3.0,10.0,0.0015818691923513142,0.001579778830963665,0.0004278011023340032
2013,Exactas,Grado,Presencial,19823.0,10114.0,9709.0,4580.0,2241.0,2339.0,607.0,302.0,305.0,73.0,58.475,76.04511278195488
2013,Exactas,Posgrado,Presencial,3028.0,1452.0,1576.0,545.0,272.0,273.0,389.0,197.0,192.0,0.1639958376690947,0.12650602409638553,0.15109261186264308
2013,Exactas,Pregrado,Presencial,1829.0,581.0,1248.0,824.0,265.0,559.0,671.0,255.0,416.0,3.112219451371571,8.6,1.4488778054862843
2013,"Hoteleria, Gastronomia y Turismo",Grado,Distancia,1868.0,505.0,1363.0,690.0,204.0,486.0,126.0,25.0,101.0,0.3630793819925413,0.6052303860523038,0.13452317527970165
2013,"Hoteleria, Gastronomia y Turismo",Grado,Presencial,17887.0,5802.0,12085.0,4416.0,1443.0,2973.0,918.0,222.0,696.0,9.456181533646323,4.359237536656892,4.539906103286385
2013,"Hoteleria, Gastronomia y Turismo",Posgrado,Presencial,404.0,152.0,252.0,68.0,27.0,41.0,18.0,8.0,10.0,0.030545454545454546,0.013865404125803178,0.018424242424242423
2013,"Hoteleria, Gastronomia y Turismo",Pregrado,Distancia,856.0,260.0,596.0,422.0,184.0,238.0,54.0,6.0,48.0,0.1319459818463582,0.07347946897190491,0.05756032765109586
2013,"Hoteleria, Gastronomia y Turismo",Pregrado,Presencial,4522.0,1543.0,2979.0,1589.0,560.0,1029.0,598.0,165.0,433.0,3.080661840744571,3.4072847682119205,1.5956566701137538
2013,Informatica,Grado,Distancia,3101.0,2540.0,561.0,1298.0,1091.0,207.0,166.0,124.0,42.0,11.0,207.0,49.80392156862745
2013,Informatica,Grado,Presencial,121718.0,100986.0,20732.0,22160.0,18874.0,3286.0,4151.0,3270.0,881.0,1.097511911064055,0.7534969043797294,5.346003176283748
2013,Informatica,Posgrado,Distancia,131.0,31.0,100.0,73.0,22.0,51.0,2.0,0.0,2.0,0.03454231433506045,0.08374384236453201,0.01070811744386874
2013,Informatica,Posgrado,Presencial,3095.0,2164.0,931.0,709.0,538.0,171.0,206.0,130.0,76.0,0.5574850299401197,0.35403726708074534,1.295808383233533
2013,Informatica,Pregrado,Distancia,888.0,627.0,261.0,313.0,238.0,75.0,65.0,51.0,14.0,1.1863636363636363,1.1363636363636365,2.85
2013,Informatica,Pregrado,Presencial,21765.0,17717.0,4048.0,7899.0,6324.0,1575.0,2150.0,1780.0,370.0,9.158371040723981,21.0,40.08371040723982
2013,Ingenieria,Grado,Distancia,141.0,112.0,29.0,45.0,40.0,5.0,21.0,18.0,3.0,inf,inf,inf
2013,Ingenieria,Grado,Presencial,122077.0,97497.0,24580.0,24514.0,18834.0,5680.0,4670.0,3768.0,902.0,22.447488584474886,22.101167315175097,89.03835616438356
2013,Ingenieria,Posgrado,Presencial,3447.0,2428.0,1019.0,912.0,628.0,284.0,429.0,285.0,144.0,0.09350339511837034,0.10561547043510598,0.22279317305927693
2013,Ingenieria,Pregrado,Presencial,5281.0,4886.0,395.0,2154.0,1981.0,173.0,1080.0,918.0,162.0,1.04221635883905,2.1358024691358026,12.891820580474935
2013,Juridicas,Grado,Distancia,28386.0,12652.0,15734.0,9402.0,4447.0,4955.0,1227.0,427.0,800.0,49.477987421383645,30.03030303030303,39.78616352201258
2013,Juridicas,Grado,Presencial,185963.0,78313.0,107650.0,35870.0,15502.0,20368.0,11770.0,4772.0,6998.0,25.075704635453064,13.560585885486018,18.242021896109947
2013,Juridicas,Posgrado,Distancia,24.0,6.0,18.0,24.0,6.0,18.0,0.0,0.0,0.0,0.030201342281879196,0.05555555555555555,0.010067114093959731
2013,Juridicas,Posgrado,Presencial,20949.0,9112.0,11837.0,5163.0,2305.0,2858.0,1592.0,715.0,877.0,1.5152329749103943,1.572922399559714,1.166410650281618
2013,Juridicas,Pregrado,Distancia,10770.0,5505.0,5265.0,4868.0,2570.0,2298.0,1906.0,925.0,981.0,10.679513184584179,9.418032786885245,11.166328600405679
2013,Juridicas,Pregrado,Presencial,12093.0,6140.0,5953.0,3720.0,1924.0,1796.0,5144.0,2278.0,2866.0,12.829741379310345,13.10948905109489,13.232758620689655
2013,Naturales,Grado,Distancia,1277.0,512.0,765.0,268.0,144.0,124.0,342.0,93.0,249.0,0.6359102244389028,0.40924092409240925,0.4256026600166251
2013,Naturales,Grado,Presencial,94171.0,44704.0,49467.0,17280.0,7842.0,9438.0,4436.0,2319.0,2117.0,0.4605479987710527,0.43166849615806807,0.41620348387937695
2013,Naturales,Posgrado,Distancia,75.0,51.0,24.0,27.0,20.0,7.0,3.0,3.0,0.0,0.42857142857142855,inf,0.9107142857142857
2013,Naturales,Posgrado,Presencial,11779.0,5333.0,6446.0,2689.0,1232.0,1457.0,1372.0,573.0,799.0,2.3070866141732282,2.5251299826689775,1.9087329992841804
2013,Naturales,Pregrado,Distancia,599.0,356.0,243.0,176.0,97.0,79.0,52.0,25.0,27.0,0.3319672131147541,0.33760683760683763,0.48633879781420764
2013,Naturales,Pregrado,Presencial,9303.0,4817.0,4486.0,3384.0,1804.0,1580.0,760.0,362.0,398.0,0.20906930139348465,0.20648196549921588,0.22449550263317333
2013,Otros,Grado,Distancia,2065.0,1033.0,1032.0,1185.0,618.0,567.0,46.0,19.0,27.0,0.47601476014760147,0.4956293706293706,0.4764760147601476
2013,Otros,Grado,Presencial,40385.0,22260.0,18125.0,14804.0,7879.0,6925.0,1901.0,1193.0,708.0,0.747330227188389,1.494711849773365,0.9178245990186781
2013,Otros,Posgrado,Presencial,2769.0,1660.0,1109.0,718.0,451.0,267.0,424.0,278.0,146.0,6.680722891566265,3.423076923076923,10.0
2013,Otros,Pregrado,Distancia,4504.0,2334.0,2170.0,2323.0,1289.0,1034.0,172.0,86.0,86.0,10.796019900497512,7.602941176470588,11.611940298507463
2013,Otros,Pregrado,Presencial,7216.0,3725.0,3491.0,2416.0,1220.0,1196.0,4817.0,1850.0,2967.0,4.611624834874505,3.276712328767123,4.920739762219287
2013,Psicologia,Grado,Distancia,1460.0,105.0,1355.0,552.0,44.0,508.0,138.0,25.0,113.0,11.581196581196581,10.808510638297872,0.8974358974358975
2013,Psicologia,Grado,Presencial,122454.0,22772.0,99682.0,27102.0,5690.0,21412.0,6733.0,882.0,5851.0,0.8872294218171461,0.9312804453723034,0.2026844203930504
2013,Psicologia,Posgrado,Distancia,1442.0,278.0,1164.0,414.0,82.0,332.0,155.0,16.0,139.0,0.39551478083588176,0.4114002478314746,0.0944614339109752
2013,Psicologia,Posgrado,Presencial,7192.0,1283.0,5909.0,2044.0,391.0,1653.0,377.0,77.0,300.0,1.1525258435732397,0.7981651376146789,0.25024380729471424
2013,Psicologia,Pregrado,Presencial,3431.0,614.0,2817.0,1056.0,194.0,862.0,471.0,51.0,420.0,0.35474121647147716,0.5455696202531646,0.07732023674600176
2013,Salud,Grado,Distancia,6480.0,1654.0,4826.0,2854.0,661.0,2193.0,988.0,259.0,729.0,56.116279069767444,49.84090909090909,19.232558139534884
2013,Salud,Grado,Presencial,237509.0,64431.0,173078.0,55202.0,14599.0,40603.0,15012.0,3791.0,11221.0,inf,inf,inf
2013,Salud,Posgrado,Distancia,103.0,31.0,72.0,29.0,14.0,15.0,15.0,5.0,10.0,0.1702127659574468,0.09740259740259741,0.07328605200945626
2013,Salud,Posgrado,Presencial,25090.0,9373.0,15717.0,7072.0,2647.0,4425.0,3354.0,1328.0,2026.0,0.10783015567005358,0.1643209922388503,0.06430565941944469
2013,Salud,Pregrado,Distancia,2135.0,582.0,1553.0,427.0,150.0,277.0,425.0,96.0,329.0,0.10001287995878413,0.08192842354333038,0.037480680061823805
2013,Salud,Pregrado,Presencial,15085.0,3286.0,11799.0,4671.0,1054.0,3617.0,5516.0,1064.0,4452.0,5.562942008486563,4.100907029478458,1.5492692126355492
2013,Sociales,Grado,Distancia,8749.0,3322.0,5427.0,3432.0,1414.0,2018.0,181.0,50.0,131.0,0.6222196743866085,0.7524235645041014,0.38087594588397156
2013,Sociales,Grado,Presencial,79755.0,34140.0,45615.0,16953.0,7638.0,9315.0,3002.0,1146.0,1856.0,1.7672013017201302,0.9380664652567976,1.3226406322640631
2013,Sociales,Posgrado,Distancia,1310.0,599.0,711.0,281.0,129.0,152.0,69.0,22.0,47.0,0.01592099959693672,0.015687893487460008,0.013413050293340499
2013,Sociales,Posgrado,Presencial,18775.0,7290.0,11485.0,4688.0,1681.0,3007.0,1104.0,447.0,657.0,2.112766740250184,1.2966796032772747,1.3410596026490067
2013,Sociales,Pregrado,Distancia,1492.0,435.0,1057.0,969.0,284.0,685.0,213.0,73.0,140.0,0.1231647634584013,0.1392842618950793,0.05068748543463062
2013,Sociales,Pregrado,Presencial,1989.0,882.0,1107.0,618.0,239.0,379.0,837.0,326.0,511.0,0.28391895357784047,0.24819908316961362,0.22621184919210055
2014,Arquitectura y Urbanismo,Grado,Presencial,60355.0,30220.0,30135.0,9333.0,4617.0,4716.0,3210.0,1406.0,1804.0,14.940505701536937,5.389714285714286,14.982647496281606
2014,Arquitectura y Urbanismo,Posgrado,Presencial,2038.0,795.0,1243.0,453.0,181.0,272.0,92.0,37.0,55.0,0.014284236775876532,0.01764171747308341,0.009135935830106068
2014,Arquitectura y Urbanismo,Pregrado,Presencial,225.0,183.0,42.0,103.0,84.0,19.0,172.0,53.0,119.0,1.1666666666666667,1.0,5.083333333333333
2014,Artes,Grado,Distancia,426.0,102.0,324.0,169.0,48.0,121.0,15.0,3.0,12.0,0.031609756097560976,0.0491869918699187,0.009951219512195122
2014,Artes,Grado,Presencial,50428.0,21100.0,29328.0,13183.0,5582.0,7601.0,1222.0,424.0,798.0,48.71760797342193,34.23873873873874,35.04983388704319
2014,Artes,Posgrado,Presencial,1805.0,531.0,1274.0,358.0,106.0,252.0,90.0,38.0,52.0,0.18192203341425103,0.10848041325871717,0.07582464658003712
2014,Artes,Pregrado,Distancia,433.0,291.0,142.0,303.0,186.0,117.0,6.0,5.0,1.0,0.25,0.43656716417910446,0.5123239436619719
2014,Artes,Pregrado,Presencial,4364.0,2426.0,1938.0,1785.0,968.0,817.0,478.0,202.0,276.0,0.2592295345104334,0.4987789987789988,0.3245050829320492
2014,Comunicacion,Grado,Distancia,2375.0,1059.0,1316.0,1207.0,579.0,628.0,36.0,6.0,30.0,1.2230483271375465,2.453125,0.9842007434944238
2014,Comunicacion,Grado,Presencial,93592.0,34200.0,59392.0,21069.0,8430.0,12639.0,4556.0,1401.0,3155.0,inf,inf,inf
2014,Comunicacion,Posgrado,Distancia,120.0,31.0,89.0,52.0,11.0,41.0,10.0,0.0,10.0,0.07732406602953953,0.09647058823529411,0.02693310165073849
2014,Comunicacion,Posgrado,Presencial,6280.0,2195.0,4085.0,1294.0,428.0,866.0,464.0,113.0,351.0,8.089108910891088,2.453257790368272,4.346534653465347
2014,Comunicacion,Pregrado,Distancia,2659.0,1136.0,1523.0,1462.0,653.0,809.0,231.0,70.0,161.0,0.05083274924067955,0.07105841018884497,0.03791595741130136
2014,Comunicacion,Pregrado,Presencial,8629.0,3515.0,5114.0,2448.0,1126.0,1322.0,1753.0,576.0,1177.0,2.2138528138528137,1.568208778173191,1.5216450216450217
2014,Diseño,Grado,Presencial,44305.0,15733.0,28572.0,9665.0,3536.0,6129.0,2217.0,620.0,1597.0,17.958516656191076,9.949675324675324,9.888749214330609
2014,Diseño,Posgrado,Presencial,685.0,279.0,406.0,278.0,111.0,167.0,151.0,56.0,95.0,0.06109857035364936,0.0757026291931097,0.04198645598194131
2014,Diseño,Pregrado,Distancia,595.0,327.0,268.0,236.0,128.0,108.0,9.0,4.0,5.0,0.25402843601895736,0.18030050083472454,0.30995260663507107
2014,Diseño,Pregrado,Presencial,4398.0,1332.0,3066.0,1459.0,500.0,959.0,823.0,160.0,663.0,0.2744360902255639,0.24876783398184177,0.11922663802363051
2014,Economicas,Grado,Distancia,24043.0,11320.0,12723.0,7687.0,3779.0,3908.0,599.0,271.0,328.0,55.077922077922075,37.57692307692308,49.004329004329
2014,Economicas,Grado,Presencial,261379.0,121097.0,140282.0,49179.0,23960.0,25219.0,13206.0,5963.0,7243.0,70.141,15.110245656081485,60.5485
2014,Economicas,Posgrado,Distancia,171.0,73.0,98.0,81.0,34.0,47.0,31.0,11.0,20.0,0.10629067245119306,0.14242424242424243,0.07917570498915401
2014,Economicas,Posgrado,Presencial,17805.0,10485.0,7320.0,5613.0,3330.0,2283.0,1827.0,1122.0,705.0,13.555555555555555,16.78676470588235,19.416666666666668
2014,Economicas,Pregrado,Distancia,4237.0,1647.0,2590.0,1929.0,773.0,1156.0,630.0,263.0,367.0,0.02823873176475719,0.058588008717246974,0.017957216685928607
2014,Economicas,Pregrado,Presencial,14046.0,6763.0,7283.0,5155.0,2486.0,2669.0,3291.0,1576.0,1715.0,9.922343324250681,266.9,9.213896457765667
2014,Educacion,Grado,Distancia,12339.0,1936.0,10403.0,4429.0,670.0,3759.0,1299.0,149.0,1150.0,2.0518737672583827,3.522961574507966,0.38185404339250495
2014,Educacion,Grado,Presencial,116514.0,29374.0,87140.0,32399.0,8462.0,23937.0,7288.0,1741.0,5547.0,33.56702619414484,31.746684350132625,11.315100154083204
2014,Educacion,Posgrado,Distancia,4667.0,1355.0,3312.0,1337.0,245.0,1092.0,1275.0,220.0,1055.0,5.72020725388601,4.350597609561753,2.3402417962003454
2014,Educacion,Posgrado,Presencial,11497.0,3649.0,7848.0,2595.0,862.0,1733.0,665.0,190.0,475.0,0.2791591078860314,0.29263762242485647,0.12979760253263614
2014,Educacion,Pregrado,Distancia,483.0,125.0,358.0,92.0,22.0,70.0,44.0,3.0,41.0,0.6845124282982792,0.16355140186915887,0.2390057361376673
2014,Educacion,Pregrado,Presencial,4422.0,834.0,3588.0,1080.0,213.0,867.0,411.0,76.0,335.0,1.8974087784241143,1.0483675937122128,0.44103648863035433
2014,Exactas,Grado,Distancia,51.0,15.0,36.0,17.0,4.0,13.0,19.0,1.0,18.0,0.06741573033707865,0.08333333333333333,0.028089887640449437
2014,Exactas,Grado,Presencial,19916.0,10269.0,9647.0,4330.0,2116.0,2214.0,675.0,369.0,306.0,5.868004866180049,2.510204081632653,6.2463503649635035
2014,Exactas,Posgrado,Presencial,2723.0,1309.0,1414.0,623.0,339.0,284.0,332.0,168.0,164.0,0.007645102862858533,0.007010095524893244,0.007077397204725474
2014,Exactas,Pregrado,Presencial,2122.0,645.0,1477.0,822.0,236.0,586.0,573.0,234.0,339.0,0.08855977935004197,0.13662858475169037,0.03867370188271975
2014,"Hoteleria, Gastronomia y Turismo",Grado,Distancia,1860.0,489.0,1371.0,555.0,161.0,394.0,121.0,23.0,98.0,0.524282982791587,0.3358908780903666,0.1869980879541109
2014,"Hoteleria, Gastronomia y Turismo",Grado,Presencial,18709.0,6053.0,12656.0,4794.0,1654.0,3140.0,1032.0,267.0,765.0,1.053700774290234,0.9806371018113679,0.5039547081841645
2014,"Hoteleria, Gastronomia y Turismo",Posgrado,Presencial,433.0,174.0,259.0,82.0,47.0,35.0,17.0,7.0,10.0,0.081293157564344,0.02717391304347826,0.054613935969868174
2014,"Hoteleria, Gastronomia y Turismo",Pregrado,Distancia,878.0,255.0,623.0,423.0,181.0,242.0,68.0,12.0,56.0,0.012968899621133269,0.019823066841415465,0.005308297597735126
2014,"Hoteleria, Gastronomia y Turismo",Pregrado,Presencial,4647.0,1617.0,3030.0,1678.0,643.0,1035.0,612.0,170.0,442.0,336.6666666666667,517.5,179.66666666666666
2014,Informatica,Grado,Distancia,3334.0,2761.0,573.0,1481.0,1271.0,210.0,85.0,55.0,30.0,0.08681818181818182,0.0915032679738562,0.41833333333333333
2014,Informatica,Grado,Presencial,120879.0,100623.0,20256.0,24736.0,20858.0,3878.0,4048.0,3274.0,774.0,9.067144136078783,5.06266318537859,45.041629364368845
2014,Informatica,Posgrado,Presencial,2661.0,1925.0,736.0,513.0,385.0,128.0,176.0,124.0,52.0,0.15035750766087844,0.06729758149316509,0.39325842696629215
2014,Informatica,Pregrado,Distancia,841.0,591.0,250.0,263.0,198.0,65.0,50.0,33.0,17.0,0.0038444977548133114,0.0050115651503469544,0.009088392692378667
2014,Informatica,Pregrado,Presencial,21008.0,17307.0,3701.0,6412.0,5233.0,1179.0,2453.0,2087.0,366.0,3.8672936259143156,6.238095238095238,18.0846394984326
2014,Ingenieria,Grado,Distancia,155.0,119.0,36.0,84.0,62.0,22.0,21.0,17.0,4.0,0.002510810433812247,0.0065632458233890216,0.008299623378434928
2014,Ingenieria,Grado,Presencial,127439.0,101121.0,26318.0,25905.0,19901.0,6004.0,5256.0,4203.0,1053.0,24.758231420507997,11.436190476190475,95.12793979303856
2014,Ingenieria,Posgrado,Presencial,3583.0,2530.0,1053.0,902.0,635.0,267.0,433.0,266.0,167.0,0.5179537629119528,0.6528117359413202,1.2444663059517953
2014,Ingenieria,Pregrado,Presencial,5507.0,5031.0,476.0,1871.0,1731.0,140.0,1157.0,956.0,201.0,0.12366848532086257,0.06625650733554188,1.3070927513639907
2014,Juridicas,Grado,Distancia,29739.0,13148.0,16591.0,9401.0,4314.0,5087.0,1250.0,430.0,820.0,1.1794270277955499,1.4997051886792452,0.9346697945546314
2014,Juridicas,Grado,Presencial,188443.0,78970.0,109473.0,37283.0,15923.0,21360.0,11133.0,4473.0,6660.0,1094.73,628.2352941176471,789.7
2014,Juridicas,Posgrado,Distancia,37.0,12.0,25.0,17.0,7.0,10.0,0.0,0.0,0.0,0.010656436487638534,0.010460251046025104,0.005115089514066497
2014,Juridicas,Posgrado,Presencial,23137.0,9929.0,13208.0,5563.0,2461.0,3102.0,1424.0,675.0,749.0,96.4087591240876,34.08791208791209,72.47445255474453
2014,Juridicas,Pregrado,Distancia,11903.0,5919.0,5984.0,6071.0,3053.0,3018.0,2834.0,1309.0,1525.0,0.11773965055879113,0.4136513157894737,0.11646072721548875
2014,Juridicas,Pregrado,Presencial,12713.0,6362.0,6351.0,4548.0,2319.0,2229.0,5196.0,2335.0,2861.0,4.320408163265306,4.975446428571429,4.327891156462585
2014,Naturales,Grado,Distancia,731.0,361.0,370.0,289.0,138.0,151.0,11.0,4.0,7.0,3.245614035087719,5.206896551724138,3.1666666666666665
2014,Naturales,Grado,Presencial,95569.0,44671.0,50898.0,17825.0,7885.0,9940.0,4620.0,2425.0,2195.0,5.497731691510046,5.895610913404508,4.825124216893498
2014,Naturales,Posgrado,Distancia,71.0,52.0,19.0,27.0,18.0,9.0,5.0,4.0,1.0,0.1743119266055046,0.5625,0.47706422018348627
2014,Naturales,Posgrado,Presencial,11148.0,5049.0,6099.0,2609.0,1158.0,1451.0,1225.0,598.0,627.0,inf,inf,inf
2014,Naturales,Pregrado,Distancia,634.0,379.0,255.0,215.0,130.0,85.0,58.0,36.0,22.0,0.7285714285714285,0.6296296296296297,1.082857142857143
2014,Naturales,Pregrado,Presencial,10224.0,5295.0,4929.0,3710.0,1977.0,1733.0,783.0,351.0,432.0,0.10752617801047121,0.1465415186876374,0.11551047120418848
2014,Otros,Grado,Distancia,2124.0,1079.0,1045.0,1103.0,577.0,526.0,67.0,26.0,41.0,0.8752093802345059,1.5290697674418605,0.9036850921273032
2014,Otros,Grado,Presencial,42003.0,23245.0,18758.0,15472.0,8326.0,7146.0,1889.0,1184.0,705.0,63.158249158249156,42.535714285714285,78.26599326599326
2014,Otros,Posgrado,Distancia,29.0,5.0,24.0,11.0,1.0,10.0,0.0,0.0,0.0,0.009320388349514564,0.009009009009009009,0.001941747572815534
2014,Otros,Posgrado,Presencial,2882.0,1711.0,1171.0,708.0,434.0,274.0,436.0,314.0,122.0,0.34249780637613336,0.25922421948912017,0.5004387247733255
2014,Otros,Pregrado,Distancia,5128.0,2716.0,2412.0,2553.0,1450.0,1103.0,314.0,136.0,178.0,77.80645161290323,84.84615384615384,87.61290322580645
2014,Otros,Pregrado,Presencial,7338.0,3715.0,3623.0,2707.0,1347.0,1360.0,4240.0,1595.0,2645.0,2.697691734921817,2.72,2.7661950856291884
2014,Psicologia,Grado,Distancia,1783.0,120.0,1663.0,645.0,50.0,595.0,156.0,3.0,153.0,20.530864197530864,inf,1.4814814814814814
2014,Psicologia,Grado,Presencial,126094.0,23652.0,102442.0,28632.0,6227.0,22405.0,7416.0,997.0,6419.0,1.5695353077264858,1.8373790388715763,0.36237723881168704
2014,Psicologia,Posgrado,Distancia,1374.0,338.0,1036.0,244.0,47.0,197.0,116.0,16.0,100.0,10.905263157894737,8.208333333333334,3.557894736842105
2014,Psicologia,Posgrado,Presencial,7123.0,1291.0,5832.0,1835.0,386.0,1449.0,390.0,83.0,307.0,1.0880597014925373,1.322080291970803,0.2408582089552239
2014,Psicologia,Pregrado,Presencial,3353.0,492.0,2861.0,1216.0,177.0,1039.0,534.0,63.0,471.0,2.852442671984048,2.1966173361522197,0.4905284147557328
2014,Salud,Grado,Distancia,5779.0,1620.0,4159.0,2115.0,747.0,1368.0,650.0,147.0,503.0,0.6126988803771362,0.8481091134531928,0.23865645256334708
2014,Salud,Grado,Presencial,247096.0,66846.0,180250.0,59619.0,16098.0,43521.0,14538.0,3832.0,10706.0,88.0126953125,40.22273567467653,32.6396484375
2014,Salud,Posgrado,Distancia,119.0,36.0,83.0,108.0,31.0,77.0,1.0,0.0,1.0,0.002818910474120364,0.010135579834145057,0.0012226599646787122
2014,Salud,Posgrado,Presencial,23060.0,8415.0,14645.0,6936.0,2587.0,4349.0,3026.0,1198.0,1828.0,14.928644240570845,12.21629213483146,8.577981651376147
2014,Salud,Pregrado,Distancia,1731.0,447.0,1284.0,649.0,170.0,479.0,108.0,23.0,85.0,0.8199233716475096,0.5334075723830735,0.28544061302681994
2014,Salud,Pregrado,Presencial,16313.0,3369.0,12944.0,5447.0,1087.0,4360.0,5417.0,1096.0,4321.0,9.552767527675277,8.843813387423936,2.4863468634686345
2014,Sociales,Grado,Distancia,9057.0,3437.0,5620.0,3635.0,1500.0,2135.0,231.0,85.0,146.0,0.1588737490812461,0.3273033880116511,0.09716175722281901
2014,Sociales,Grado,Presencial,80099.0,34183.0,45916.0,17547.0,7757.0,9790.0,3405.0,1311.0,2094.0,115.07769423558898,78.32,85.67167919799499
2014,Sociales,Posgrado,Distancia,1155.0,489.0,666.0,211.0,117.0,94.0,95.0,32.0,63.0,1.2661596958174905,0.47474747474747475,0.9296577946768061
2014,Sociales,Posgrado,Presencial,19430.0,7596.0,11834.0,4233.0,1754.0,2479.0,1316.0,547.0,769.0,7.05664877757901,6.489528795811518,4.529516994633274
2014,Sociales,Pregrado,Distancia,2039.0,689.0,1350.0,1419.0,517.0,902.0,197.0,52.0,145.0,0.14559965487489215,0.3316176470588235,0.0743097497842968
2014,Sociales,Pregrado,Presencial,2700.0,1079.0,1621.0,1235.0,451.0,784.0,866.0,313.0,553.0,14.473214285714286,16.680851063829788,9.633928571428571
2015,Arquitectura y Urbanismo,Grado,Presencial,60175.0,30042.0,30133.0,10431.0,5223.0,5208.0,3500.0,1500.0,2000.0,10.259788900238338,4.931818181818182,10.228804902962207
2015,Arquitectura y Urbanismo,Posgrado,Presencial,1983.0,744.0,1239.0,609.0,237.0,372.0,60.0,20.0,40.0,0.12191282101741611,0.14686142913541256,0.07320673029617239
2015,Arquitectura y Urbanismo,Pregrado,Presencial,305.0,233.0,72.0,153.0,110.0,43.0,1137.0,442.0,695.0,0.000357858218561907,0.0011820006047444955,0.0011580689572906156
2015,Artes,Grado,Distancia,436.0,113.0,323.0,154.0,43.0,111.0,14.0,1.0,13.0,2.3576642335766422,1.3875,0.8248175182481752
2015,Artes,Grado,Presencial,51046.0,21594.0,29452.0,14200.0,6266.0,7934.0,1237.0,486.0,751.0,2.8478050667182364,2.9549348230912478,2.087990717462773
2015,Artes,Posgrado,Presencial,1812.0,559.0,1253.0,553.0,177.0,376.0,92.0,21.0,71.0,0.5122649223221586,0.42390078917700114,0.2285363859362224
2015,Artes,Pregrado,Distancia,472.0,306.0,166.0,247.0,155.0,92.0,23.0,15.0,8.0,0.013538863061740477,0.02076749435665914,0.024957181306581845
2015,Artes,Pregrado,Presencial,4841.0,2592.0,2249.0,2027.0,1042.0,985.0,585.0,261.0,324.0,0.17386934673366833,0.19775145553101786,0.2003865481252416
2015,Comunicacion,Grado,Distancia,2773.0,1231.0,1542.0,1276.0,609.0,667.0,56.0,15.0,41.0,0.02694861936385879,0.05150976909413854,0.021513456833275078
2015,Comunicacion,Grado,Presencial,92489.0,33852.0,58637.0,21782.0,8538.0,13244.0,4881.0,1535.0,3346.0,825.8732394366198,339.5897435897436,476.7887323943662
2015,Comunicacion,Posgrado,Distancia,98.0,33.0,65.0,26.0,14.0,12.0,6.0,0.0,6.0,0.009449047826719,0.004767580452920143,0.004797208896641954
2015,Comunicacion,Posgrado,Presencial,6736.0,2301.0,4435.0,1534.0,586.0,948.0,436.0,146.0,290.0,2.3805689747718732,0.9321533923303835,1.2351046698872785
2015,Comunicacion,Pregrado,Distancia,2588.0,1072.0,1516.0,1351.0,609.0,742.0,200.0,67.0,133.0,1.5205616850551655,1.5621052631578947,1.0752256770310933
2015,Comunicacion,Pregrado,Presencial,9080.0,3760.0,5320.0,2720.0,1223.0,1497.0,1774.0,599.0,1175.0,0.5024081594107093,0.45473876063183477,0.35508546604967417
2015,Diseño,Grado,Presencial,42462.0,15146.0,27316.0,9664.0,3572.0,6092.0,2478.0,751.0,1727.0,0.26557259107304315,0.22640107031366136,0.14725298229580874
2015,Diseño,Posgrado,Presencial,699.0,258.0,441.0,261.0,89.0,172.0,70.0,31.0,39.0,5.25,4.526315789473684,3.0714285714285716
2015,Diseño,Pregrado,Distancia,571.0,338.0,233.0,196.0,112.0,84.0,10.0,3.0,7.0,0.02267860619038349,0.032036613272311214,0.032898578937122835
2015,Diseño,Pregrado,Presencial,4413.0,1409.0,3004.0,1370.0,464.0,906.0,913.0,178.0,735.0,5.501831501831502,4.155963302752293,2.5805860805860807
2015,Economicas,Grado,Distancia,25011.0,11759.0,13252.0,7329.0,3536.0,3793.0,490.0,190.0,300.0,2.852346104175635,2.084065934065934,2.530994403788205
2015,Economicas,Grado,Presencial,259478.0,120242.0,139236.0,49939.0,24177.0,25762.0,14056.0,6456.0,7600.0,58.7741663149008,23.084229390681003,50.75643731532292
2015,Economicas,Posgrado,Distancia,302.0,141.0,161.0,135.0,56.0,79.0,26.0,11.0,15.0,0.01704966641957005,0.022688110281447443,0.01493169543577253
2015,Economicas,Posgrado,Presencial,20633.0,12419.0,8214.0,5859.0,3637.0,2222.0,2278.0,1431.0,847.0,1.443585237258348,1.1597077244258873,2.1826010544815464
2015,Economicas,Pregrado,Distancia,4388.0,1699.0,2689.0,1970.0,735.0,1235.0,458.0,190.0,268.0,2.0433130699088147,3.8,1.291033434650456
2015,Economicas,Pregrado,Presencial,14523.0,6848.0,7675.0,5321.0,2651.0,2670.0,3881.0,1822.0,2059.0,130.08474576271186,178.0,116.0677966101695
2015,Educacion,Grado,Distancia,11990.0,1918.0,10072.0,4200.0,742.0,3458.0,1151.0,173.0,978.0,0.5186939952621279,0.7660611431103235,0.09877433309300648
2015,Educacion,Grado,Presencial,116126.0,29567.0,86559.0,31043.0,8386.0,22657.0,6877.0,1483.0,5394.0,28.586195508586524,41.57247706422018,9.76453104359313
2015,Educacion,Posgrado,Distancia,4040.0,820.0,3220.0,1385.0,252.0,1133.0,982.0,239.0,743.0,1.7605248769819573,1.375,0.448332422088573
2015,Educacion,Posgrado,Presencial,12097.0,3760.0,8337.0,2829.0,903.0,1926.0,956.0,297.0,659.0,41.272277227722775,37.03846153846154,18.613861386138613
2015,Educacion,Pregrado,Distancia,404.0,118.0,286.0,79.0,28.0,51.0,15.0,4.0,11.0,0.7061728395061728,0.7727272727272727,0.291358024691358
2015,Educacion,Pregrado,Presencial,3923.0,782.0,3141.0,797.0,165.0,632.0,654.0,190.0,464.0,inf,inf,inf
2015,Exactas,Grado,Distancia,51.0,15.0,36.0,17.0,4.0,13.0,19.0,1.0,18.0,0.028846153846153848,0.03359173126614987,0.01201923076923077
2015,Exactas,Grado,Presencial,19811.0,10110.0,9701.0,4797.0,2251.0,2546.0,684.0,384.0,300.0,0.9612564407451447,1.046875,1.0017835909631392
2015,Exactas,Posgrado,Presencial,3190.0,1549.0,1641.0,590.0,308.0,282.0,416.0,210.0,206.0,4.061881188118812,4.147058823529412,3.8341584158415842
2015,Exactas,Pregrado,Presencial,2609.0,829.0,1780.0,1221.0,379.0,842.0,474.0,185.0,289.0,4.930747922437673,4.70391061452514,2.296398891966759
2015,"Hoteleria, Gastronomia y Turismo",Grado,Distancia,1875.0,521.0,1354.0,562.0,180.0,382.0,154.0,35.0,119.0,0.33032446938277626,0.2603953646898432,0.12710417174920713
2015,"Hoteleria, Gastronomia y Turismo",Grado,Presencial,19637.0,6289.0,13348.0,5098.0,1626.0,3472.0,1093.0,293.0,800.0,21.529032258064515,11.458745874587459,10.143548387096773
2015,"Hoteleria, Gastronomia y Turismo",Posgrado,Presencial,476.0,198.0,278.0,73.0,27.0,46.0,18.0,4.0,14.0,0.03566388710711995,0.023185483870967742,0.025400898011545863
2015,"Hoteleria, Gastronomia y Turismo",Pregrado,Distancia,860.0,254.0,606.0,412.0,177.0,235.0,56.0,14.0,42.0,1.2242424242424241,0.9670781893004116,0.5131313131313131
2015,"Hoteleria, Gastronomia y Turismo",Pregrado,Presencial,4585.0,1631.0,2954.0,1513.0,584.0,929.0,648.0,160.0,488.0,6.983451536643026,7.614754098360656,3.855791962174941
2015,Informatica,Grado,Distancia,3502.0,2926.0,576.0,1218.0,1053.0,165.0,72.0,54.0,18.0,0.5968911917098445,0.6297709923664122,3.032124352331606
2015,Informatica,Grado,Presencial,118732.0,99583.0,19149.0,23811.0,20372.0,3439.0,4198.0,3358.0,840.0,0.19307709371029866,0.18993703744615045,1.0040835669200832
2015,Informatica,Posgrado,Distancia,29.0,10.0,19.0,0.0,0.0,0.0,17.0,6.0,11.0,0.1450381679389313,0.0,0.07633587786259542
2015,Informatica,Posgrado,Presencial,3328.0,2435.0,893.0,653.0,510.0,143.0,152.0,111.0,41.0,0.31169284467713787,0.23176661264181522,0.849912739965096
2015,Informatica,Pregrado,Distancia,907.0,679.0,228.0,416.0,322.0,94.0,57.0,45.0,12.0,0.32805755395683456,0.5136612021857924,0.9769784172661871
2015,Informatica,Pregrado,Presencial,22974.0,18850.0,4124.0,8224.0,6744.0,1480.0,2393.0,1984.0,409.0,0.1959051826516555,0.19318626811121264,0.8954443969407629
2015,Ingenieria,Grado,Distancia,323.0,238.0,85.0,86.0,61.0,25.0,13.0,9.0,4.0,0.039794007490636704,0.02413127413127413,0.11142322097378277
2015,Ingenieria,Grado,Presencial,132838.0,104171.0,28667.0,27360.0,20492.0,6868.0,5289.0,4191.0,1098.0,1.2718278615794143,1.6941292550567342,4.621606033717835
2015,Ingenieria,Posgrado,Presencial,3764.0,2666.0,1098.0,912.0,652.0,260.0,400.0,272.0,128.0,4.773913043478261,2.8260869565217392,11.591304347826087
2015,Ingenieria,Pregrado,Presencial,6037.0,5493.0,544.0,2125.0,1926.0,199.0,1234.0,1009.0,225.0,2.8186528497409324,1.5307692307692307,28.46113989637306
2015,Juridicas,Grado,Distancia,31753.0,14110.0,17643.0,9834.0,4563.0,5271.0,1449.0,541.0,908.0,24.710084033613445,22.147058823529413,19.761904761904763
2015,Juridicas,Grado,Presencial,190528.0,79646.0,110882.0,38847.0,16493.0,22354.0,11622.0,4698.0,6924.0,786.3971631205674,496.75555555555553,564.8652482269504
2015,Juridicas,Posgrado,Distancia,21.0,7.0,14.0,6.0,3.0,3.0,0.0,0.0,0.0,0.00012276717205819164,0.00013151549690938583,6.138358602909582e-05
2015,Juridicas,Posgrado,Presencial,21597.0,9480.0,12117.0,4910.0,2217.0,2693.0,1516.0,712.0,804.0,3.591286307053942,2.9889012208657046,2.809721398933017
2015,Juridicas,Pregrado,Distancia,12164.0,6037.0,6127.0,6329.0,3125.0,3204.0,2756.0,1324.0,1432.0,1.1601969323991668,1.4874651810584958,1.1431547055481917
2015,Juridicas,Pregrado,Presencial,13127.0,6537.0,6590.0,4460.0,2193.0,2267.0,6443.0,2870.0,3573.0,0.8196517412935324,1.3311802701115678,0.8130597014925374
2015,Naturales,Grado,Distancia,857.0,407.0,450.0,409.0,191.0,218.0,26.0,18.0,8.0,6.164383561643835,19.818181818181817,5.575342465753424
2015,Naturales,Grado,Presencial,94521.0,43478.0,51043.0,18034.0,7851.0,10183.0,4558.0,2308.0,2250.0,inf,inf,inf
2015,Naturales,Posgrado,Distancia,119.0,75.0,44.0,61.0,30.0,31.0,23.0,10.0,13.0,0.09544468546637744,0.1949685534591195,0.16268980477223427
2015,Naturales,Posgrado,Presencial,11968.0,5220.0,6748.0,2445.0,1106.0,1339.0,1516.0,625.0,891.0,0.04774809835485583,0.05095129375951294,0.036936140102600386
2015,Naturales,Pregrado,Distancia,535.0,303.0,232.0,185.0,107.0,78.0,52.0,28.0,24.0,0.015081583566274459,0.027008310249307478,0.019697068192160178
2015,Naturales,Pregrado,Presencial,10064.0,5207.0,4857.0,3320.0,1749.0,1571.0,1084.0,481.0,603.0,2.3669590643274856,2.0589777195281784,2.537524366471735
2015,Otros,Grado,Distancia,2052.0,1004.0,1048.0,898.0,438.0,460.0,85.0,40.0,45.0,0.12666183224558858,0.19466779517562421,0.1213439690597051
2015,Otros,Grado,Presencial,45819.0,25372.0,20447.0,16246.0,8740.0,7506.0,2386.0,1534.0,852.0,0.7322112802148613,0.8120740019474196,0.9085765443151298
2015,Otros,Posgrado,Distancia,84.0,39.0,45.0,60.0,36.0,24.0,2.0,1.0,1.0,0.0010081096823334379,0.002502606882168926,0.0008736950580223128
2015,Otros,Posgrado,Presencial,3193.0,1855.0,1338.0,802.0,488.0,314.0,341.0,250.0,91.0,55.75,13.083333333333334,77.29166666666667
2015,Otros,Pregrado,Distancia,5610.0,2952.0,2658.0,2758.0,1505.0,1253.0,432.0,220.0,212.0,0.47754222062522456,0.5507692307692308,0.5303629177146963
2015,Otros,Pregrado,Presencial,7382.0,3669.0,3713.0,2378.0,1229.0,1149.0,1226.0,579.0,647.0,0.42590043587978893,0.2799025578562728,0.4208534067446662
2015,Psicologia,Grado,Distancia,2136.0,147.0,1989.0,709.0,46.0,663.0,201.0,9.0,192.0,0.5208169677926159,0.4885777450257922,0.0384917517674784
2015,Psicologia,Grado,Presencial,127677.0,23883.0,103794.0,29033.0,6008.0,23025.0,6943.0,946.0,5997.0,148.70200573065904,7675.0,34.2163323782235
2015,Psicologia,Posgrado,Distancia,1311.0,250.0,1061.0,130.0,15.0,115.0,269.0,43.0,226.0,0.012236048482891443,0.00736047107014849,0.0028831405473354016
2015,Psicologia,Posgrado,Presencial,9551.0,1778.0,7773.0,1870.0,338.0,1532.0,568.0,107.0,461.0,103.64,56.74074074074074,23.706666666666667
2015,Psicologia,Pregrado,Presencial,5353.0,931.0,4422.0,2866.0,582.0,2284.0,586.0,67.0,519.0,0.3982348703170029,0.9410795220436753,0.08384365994236312
2015,Salud,Grado,Distancia,5565.0,1576.0,3989.0,1462.0,419.0,1043.0,928.0,194.0,734.0,6.659432387312187,5.926136363636363,2.631051752921536
2015,Salud,Grado,Presencial,261563.0,69908.0,191655.0,63387.0,16672.0,46715.0,15004.0,3809.0,11195.0,23.481377113452584,15.766115423557206,8.565057583925508
2015,Salud,Posgrado,Distancia,409.0,93.0,316.0,112.0,41.0,71.0,13.0,6.0,7.0,0.5457685664939551,0.2679245283018868,0.16062176165803108
2015,Salud,Posgrado,Presencial,31274.0,11243.0,20031.0,6706.0,2488.0,4218.0,3388.0,1383.0,2005.0,2.6851206434316355,2.5471014492753623,1.5071045576407507
2015,Salud,Pregrado,Distancia,2085.0,577.0,1508.0,912.0,282.0,630.0,318.0,81.0,237.0,2.234074074074074,2.404580152671756,0.8548148148148148
2015,Salud,Pregrado,Presencial,17774.0,3660.0,14114.0,6202.0,1286.0,4916.0,6310.0,1245.0,5065.0,inf,inf,inf
2015,Sociales,Grado,Distancia,9460.0,3550.0,5910.0,3394.0,1376.0,2018.0,222.0,83.0,139.0,5.179666958808063,4.793349168646081,3.1113058720420685
2015,Sociales,Grado,Presencial,77916.0,33265.0,44651.0,17302.0,7481.0,9821.0,3323.0,1202.0,2121.0,49.55715871254162,16.34109816971714,36.92008879023307
2015,Sociales,Posgrado,Distancia,1525.0,644.0,881.0,371.0,157.0,214.0,95.0,41.0,54.0,0.0298603579175705,0.01942276275186059,0.021827548806941433
2015,Sociales,Posgrado,Presencial,20635.0,7889.0,12746.0,4016.0,1637.0,2379.0,1286.0,535.0,751.0,4.891020721412126,3.7523659305993693,3.0272448196469686
2015,Sociales,Pregrado,Distancia,1867.0,566.0,1301.0,1019.0,321.0,698.0,148.0,33.0,115.0,0.6923895689196381,0.9680998613037448,0.30122405534858965
2015,Sociales,Pregrado,Presencial,2939.0,1104.0,1835.0,961.0,346.0,615.0,1069.0,358.0,711.0,0.29113120736157383,0.30415430267062316,0.17515468824369348
2016,Arquitectura y Urbanismo,Grado,Presencial,61712.0,30822.0,30890.0,11775.0,6024.0,5751.0,3703.0,1562.0,2141.0,26.537800687285223,9.847602739726028,26.47938144329897
2016,Arquitectura y Urbanismo,Posgrado,Presencial,2254.0,874.0,1380.0,468.0,210.0,258.0,126.0,50.0,76.0,0.12682657843948167,0.06814580031695722,0.08032349967833839
2016,Arquitectura y Urbanismo,Pregrado,Presencial,459.0,332.0,127.0,183.0,120.0,63.0,1701.0,686.0,1015.0,0.7791411042944786,0.75,2.03680981595092
2016,Artes,Grado,Distancia,486.0,135.0,351.0,163.0,50.0,113.0,16.0,4.0,12.0,0.1337142857142857,0.07053682896379526,0.05142857142857143
2016,Artes,Grado,Presencial,53189.0,22914.0,30275.0,14645.0,6753.0,7892.0,1233.0,416.0,817.0,33.15991237677984,20.03045685279188,25.09748083242059
2016,Artes,Posgrado,Presencial,1742.0,522.0,1220.0,408.0,126.0,282.0,63.0,15.0,48.0,1.7994100294985251,1.3177570093457944,0.7699115044247787
2016,Artes,Pregrado,Distancia,470.0,309.0,161.0,204.0,133.0,71.0,30.0,15.0,15.0,0.0017308477929002988,0.0034397558257836347,0.003321937689479456
2016,Artes,Pregrado,Presencial,5775.0,2919.0,2856.0,2371.0,1237.0,1134.0,517.0,217.0,300.0,3.111111111111111,4.666666666666667,3.179738562091503
2016,Comunicacion,Grado,Distancia,3542.0,1589.0,1953.0,1635.0,791.0,844.0,130.0,49.0,81.0,0.3868092691622103,0.6350639578630549,0.3147157853040206
2016,Comunicacion,Grado,Presencial,91862.0,33637.0,58225.0,22097.0,8792.0,13305.0,5013.0,1544.0,3469.0,19.777513586956523,14.966254218222723,11.425611413043478
2016,Comunicacion,Posgrado,Distancia,65.0,25.0,40.0,26.0,9.0,17.0,1.0,1.0,0.0,0.05115089514066496,0.05029585798816568,0.0319693094629156
2016,Comunicacion,Posgrado,Presencial,6628.0,2096.0,4532.0,1738.0,563.0,1175.0,444.0,139.0,305.0,0.15396113602391628,0.18186039312799876,0.07120532681070797
2016,Comunicacion,Pregrado,Distancia,3130.0,1366.0,1764.0,1737.0,856.0,881.0,233.0,79.0,154.0,3.366412213740458,5.152046783625731,2.6068702290076335
2016,Comunicacion,Pregrado,Presencial,9551.0,4082.0,5469.0,2820.0,1272.0,1548.0,1972.0,707.0,1265.0,2.5520298646756885,2.165034965034965,1.9048063462435838
2016,Diseño,Grado,Presencial,41992.0,14936.0,27056.0,10094.0,3863.0,6231.0,2431.0,717.0,1714.0,55.5564681724846,37.31137724550898,30.6694045174538
2016,Diseño,Posgrado,Presencial,752.0,287.0,465.0,247.0,90.0,157.0,116.0,40.0,76.0,0.24193548387096775,0.20989304812834225,0.14932362122788762
2016,Diseño,Pregrado,Distancia,998.0,525.0,473.0,668.0,337.0,331.0,8.0,3.0,5.0,0.0025342227222802647,0.00789185065089886,0.0028128264887888775
2016,Diseño,Pregrado,Presencial,4368.0,1474.0,2894.0,1588.0,594.0,994.0,876.0,203.0,673.0,56.745098039215684,inf,28.901960784313726
2016,Economicas,Grado,Distancia,26959.0,12650.0,14309.0,8076.0,3998.0,4078.0,612.0,279.0,333.0,0.8004139396990546,0.876047261009667,0.7076131341947755
2016,Economicas,Grado,Presencial,258487.0,120678.0,137809.0,53149.0,26404.0,26745.0,13199.0,5891.0,7308.0,64.54754098360655,62.63466042154567,56.52365339578454
2016,Economicas,Posgrado,Distancia,915.0,612.0,303.0,798.0,557.0,241.0,38.0,13.0,25.0,0.023607323724191664,0.06357161698760222,0.04768211920529802
2016,Economicas,Posgrado,Presencial,20679.0,12466.0,8213.0,6360.0,3846.0,2514.0,2392.0,1499.0,893.0,1.8018867924528301,1.1937321937321936,2.7349714787187365
2016,Economicas,Pregrado,Distancia,5113.0,1973.0,3140.0,2221.0,869.0,1352.0,400.0,184.0,216.0,0.061733249449512424,0.10196078431372549,0.03878971374646115
2016,Economicas,Pregrado,Presencial,13949.0,6581.0,7368.0,4704.0,2294.0,2410.0,3506.0,1634.0,1872.0,141.69230769230768,83.10344827586206,126.5576923076923
2016,Educacion,Grado,Distancia,16309.0,2703.0,13606.0,6693.0,1219.0,5474.0,985.0,121.0,864.0,1.8863163732150283,2.2647910633016135,0.3747400526826563
2016,Educacion,Grado,Presencial,118569.0,30626.0,87943.0,33357.0,9213.0,24144.0,7096.0,1687.0,5409.0,39.08577777777778,27.436363636363637,13.611555555555556
2016,Educacion,Posgrado,Distancia,4356.0,837.0,3519.0,1282.0,261.0,1021.0,1083.0,180.0,903.0,0.7240740740740741,0.6132132132132132,0.17222222222222222
2016,Educacion,Posgrado,Presencial,11324.0,3359.0,7965.0,2730.0,838.0,1892.0,533.0,151.0,382.0,0.12292046050804037,0.1442842980248608,0.0518380196919658
2016,Educacion,Pregrado,Distancia,336.0,107.0,229.0,0.0,0.0,0.0,18.0,6.0,12.0,0.19179229480737017,0.0,0.08961474036850921
2016,Educacion,Pregrado,Presencial,4354.0,912.0,3442.0,1451.0,371.0,1080.0,606.0,152.0,454.0,0.22246639089968975,0.30927835051546393,0.05894519131334023
2016,Exactas,Grado,Distancia,111.0,33.0,78.0,49.0,14.0,35.0,13.0,6.0,7.0,0.05227882037533512,0.03611971104231166,0.022117962466487937
2016,Exactas,Grado,Presencial,19781.0,10103.0,9678.0,4808.0,2349.0,2459.0,729.0,384.0,345.0,5.418812989921612,4.7471042471042475,5.656774916013438
2016,Exactas,Posgrado,Presencial,3615.0,1736.0,1879.0,618.0,317.0,301.0,379.0,174.0,205.0,0.48315762406788376,0.17034521788341822,0.44638724607868346
2016,Exactas,Pregrado,Presencial,3007.0,983.0,2024.0,1219.0,395.0,824.0,482.0,178.0,304.0,0.13532125426221836,0.21458333333333332,0.06572173564217423
2016,"Hoteleria, Gastronomia y Turismo",Grado,Distancia,2006.0,594.0,1412.0,615.0,214.0,401.0,58.0,13.0,45.0,12.172413793103448,11.13888888888889,5.120689655172414
2016,"Hoteleria, Gastronomia y Turismo",Grado,Presencial,18950.0,6016.0,12934.0,4828.0,1594.0,3234.0,1054.0,294.0,760.0,3.9158340902210114,2.7040133779264215,1.8213745080230095
2016,"Hoteleria, Gastronomia y Turismo",Posgrado,Distancia,235.0,82.0,153.0,56.0,19.0,37.0,9.0,2.0,7.0,0.7536945812807881,0.37,0.4039408866995074
2016,"Hoteleria, Gastronomia y Turismo",Posgrado,Presencial,208.0,97.0,111.0,7.0,3.0,4.0,9.0,3.0,6.0,0.002172253860153819,0.0005245213742460005,0.0018982758958100941
2016,"Hoteleria, Gastronomia y Turismo",Pregrado,Distancia,923.0,283.0,640.0,453.0,193.0,260.0,39.0,11.0,28.0,0.32803690415171705,0.5803571428571429,0.1450538185545874
2016,"Hoteleria, Gastronomia y Turismo",Pregrado,Presencial,4589.0,1597.0,2992.0,1732.0,630.0,1102.0,583.0,156.0,427.0,13.297777777777778,10.699029126213592,7.097777777777778
2016,Informatica,Grado,Distancia,3441.0,2944.0,497.0,1239.0,1081.0,158.0,71.0,49.0,22.0,0.05369490060501297,0.09256004686584651,0.3180639585133967
2016,Informatica,Grado,Presencial,118369.0,99704.0,18665.0,25964.0,22021.0,3943.0,3739.0,3012.0,727.0,214.54022988505747,788.6,1146.0229885057472
2016,Informatica,Posgrado,Distancia,139.0,69.0,70.0,63.0,40.0,23.0,23.0,5.0,18.0,inf,inf,inf
2016,Informatica,Posgrado,Presencial,3425.0,2540.0,885.0,698.0,536.0,162.0,165.0,111.0,54.0,2.0774647887323945,0.9585798816568047,5.962441314553991
2016,Informatica,Pregrado,Distancia,979.0,742.0,237.0,355.0,275.0,80.0,53.0,42.0,11.0,0.0050487836053001575,0.00660883932259397,0.015806740232627497
2016,Informatica,Pregrado,Presencial,23346.0,19244.0,4102.0,8232.0,6744.0,1488.0,2423.0,2035.0,388.0,2.310985915492958,4.325581395348837,10.84169014084507
2016,Ingenieria,Grado,Distancia,243.0,181.0,62.0,86.0,69.0,17.0,19.0,10.0,9.0,0.14318706697459585,0.056105610561056105,0.418013856812933
2016,Ingenieria,Grado,Presencial,136763.0,106371.0,30392.0,30410.0,22866.0,7544.0,5089.0,3971.0,1118.0,10.253711201079621,5.706505295007564,35.88765182186235
2016,Ingenieria,Posgrado,Presencial,3675.0,2506.0,1169.0,939.0,611.0,328.0,477.0,330.0,147.0,0.3353413654618474,0.3042671614100185,0.7188755020080321
2016,Ingenieria,Pregrado,Presencial,6022.0,5553.0,469.0,2199.0,2027.0,172.0,982.0,809.0,173.0,15.633333333333333,12.285714285714286,185.1
2016,Juridicas,Grado,Distancia,34190.0,15107.0,19083.0,10204.0,4622.0,5582.0,1861.0,710.0,1151.0,13.630714285714285,12.056155507559396,10.790714285714285
2016,Juridicas,Grado,Presencial,184927.0,77293.0,107634.0,36849.0,15877.0,20972.0,11600.0,4625.0,6975.0,1764.4918032786886,inf,1267.0983606557377
2016,Juridicas,Posgrado,Distancia,40.0,14.0,26.0,24.0,8.0,16.0,1.0,0.0,1.0,0.00040414717174700387,0.001203550473897999,0.00021761770786377132
2016,Juridicas,Posgrado,Presencial,24777.0,10669.0,14108.0,4861.0,2226.0,2635.0,2076.0,970.0,1106.0,117.56666666666666,50.67307692307692,88.90833333333333
2016,Juridicas,Pregrado,Distancia,12374.0,6027.0,6347.0,5684.0,2750.0,2934.0,2004.0,979.0,1025.0,1.2212815085626323,3.053069719042664,1.159707523571291
2016,Juridicas,Pregrado,Presencial,11372.0,5464.0,5908.0,3965.0,1917.0,2048.0,6234.0,2809.0,3425.0,5.495813953488372,3.7304189435336976,5.082790697674419
2016,Naturales,Grado,Distancia,915.0,418.0,497.0,255.0,119.0,136.0,14.0,5.0,9.0,0.06868435599778884,0.07296137339055794,0.057766721945826424
2016,Naturales,Grado,Presencial,94035.0,42421.0,51614.0,18712.0,7839.0,10873.0,4426.0,2225.0,2201.0,22.305099394987035,9.008285004142502,18.332324978392393
2016,Naturales,Posgrado,Distancia,275.0,164.0,111.0,59.0,40.0,19.0,19.0,15.0,4.0,0.0037937045011791244,0.0024437299035369774,0.005605112956697085
2016,Naturales,Posgrado,Presencial,12294.0,5329.0,6965.0,2974.0,1355.0,1619.0,1581.0,713.0,868.0,6.431209602954755,4.861861861861862,4.9205909510618655
2016,Naturales,Pregrado,Distancia,569.0,358.0,211.0,202.0,141.0,61.0,47.0,20.0,27.0,0.13320707070707072,0.06681270536692223,0.22601010101010102
2016,Naturales,Pregrado,Presencial,9455.0,4759.0,4696.0,3259.0,1640.0,1619.0,1006.0,403.0,603.0,3.371141421392678,2.7722602739726026,3.4163675520459442
2016,Otros,Grado,Distancia,2383.0,1209.0,1174.0,937.0,468.0,469.0,85.0,51.0,34.0,0.03367660135968561,0.06981244417981543,0.03468058862339003
2016,Otros,Grado,Presencial,50212.0,28239.0,21973.0,18765.0,10336.0,8429.0,2558.0,1626.0,932.0,43.33925049309665,48.16571428571429,55.69822485207101
2016,Otros,Posgrado,Distancia,90.0,47.0,43.0,44.0,21.0,23.0,4.0,1.0,3.0,0.07226890756302522,0.09745762711864407,0.07899159663865546
2016,Otros,Posgrado,Presencial,2650.0,1529.0,1121.0,745.0,450.0,295.0,336.0,232.0,104.0,0.7736369910282954,0.7642487046632125,1.0552104899930987
2016,Otros,Pregrado,Distancia,5985.0,2943.0,3042.0,2834.0,1343.0,1491.0,407.0,219.0,188.0,0.3221092757306226,0.505938242280285,0.3116264294790343
2016,Otros,Pregrado,Presencial,6808.0,3341.0,3467.0,2415.0,1219.0,1196.0,751.0,341.0,410.0,19.47752808988764,11.611650485436893,18.769662921348313
2016,Psicologia,Grado,Distancia,2262.0,146.0,2116.0,595.0,26.0,569.0,248.0,18.0,230.0,0.7175313665649372,0.5302889095992545,0.049508307900983387
2016,Psicologia,Grado,Presencial,131060.0,25324.0,105736.0,30940.0,6585.0,24355.0,6892.0,912.0,5980.0,10.365258308009018,9.513671875,2.4825017155180866
2016,Psicologia,Posgrado,Distancia,685.0,141.0,544.0,228.0,37.0,191.0,143.0,17.0,126.0,0.0026852528284004975,0.005451068809041354,0.0006959938397140996
2016,Psicologia,Posgrado,Presencial,8511.0,1567.0,6944.0,1781.0,396.0,1385.0,487.0,97.0,390.0,64.29629629629629,21.307692307692307,14.50925925925926
2016,Psicologia,Pregrado,Distancia,5.0,2.0,3.0,5.0,2.0,3.0,0.0,0.0,0.0,0.0002815579540122008,0.0009230769230769231,0.00018770530267480057
2016,Psicologia,Pregrado,Presencial,3780.0,553.0,3227.0,1280.0,178.0,1102.0,614.0,85.0,529.0,1.6772349272349272,1.8741496598639455,0.2874220374220374
2016,Salud,Grado,Distancia,5431.0,1328.0,4103.0,1994.0,469.0,1525.0,914.0,203.0,711.0,0.3133256968308515,0.3200419727177335,0.10141275295914472
2016,Salud,Grado,Presencial,264930.0,70751.0,194179.0,69110.0,18331.0,50779.0,15096.0,3920.0,11176.0,14.028247363097819,9.90423249463624,5.111327842797284
2016,Salud,Posgrado,Distancia,275.0,114.0,161.0,54.0,12.0,42.0,18.0,8.0,10.0,0.0027385143984623495,0.0029702970297029703,0.0019390723069857632
2016,Salud,Posgrado,Presencial,27556.0,10023.0,17533.0,7023.0,2496.0,4527.0,4517.0,1794.0,2723.0,278.3015873015873,282.9375,159.0952380952381
2016,Salud,Pregrado,Distancia,1761.0,462.0,1299.0,418.0,112.0,306.0,162.0,36.0,126.0,0.18167832167832168,0.12949640287769784,0.06461538461538462
2016,Salud,Pregrado,Presencial,20679.0,3985.0,16694.0,7276.0,1390.0,5886.0,6594.0,1317.0,5277.0,7.217466493731085,4.389261744966443,1.722870730652832
2016,Sociales,Grado,Distancia,9665.0,3614.0,6051.0,3612.0,1444.0,2168.0,287.0,106.0,181.0,6.3627760252365935,5.558974358974359,3.800210304942166
2016,Sociales,Grado,Presencial,80122.0,34848.0,45274.0,19662.0,8947.0,10715.0,3452.0,1309.0,2143.0,4.5620717452640065,3.203288490284006,3.5114873035066507
2016,Sociales,Posgrado,Distancia,2000.0,778.0,1222.0,515.0,225.0,290.0,168.0,58.0,110.0,0.01144451936764816,0.009957423430847412,0.007286281561399565
2016,Sociales,Posgrado,Presencial,21131.0,8103.0,13028.0,4121.0,1758.0,2363.0,1326.0,519.0,807.0,66.13197969543147,19.52892561983471,41.131979695431475
2016,Sociales,Pregrado,Distancia,2058.0,729.0,1329.0,1022.0,426.0,596.0,228.0,66.0,162.0,0.12744533947065592,0.26255506607929513,0.06990794016110471
2016,Sociales,Pregrado,Presencial,3420.0,1287.0,2133.0,1451.0,524.0,927.0,1133.0,380.0,753.0,4.416149068322981,10.076086956521738,2.6645962732919255
2017,Arquitectura y Urbanismo,Grado,Presencial,62378.0,31086.0,31292.0,10939.0,5637.0,5302.0,3918.0,1667.0,2251.0,7.1573650503202195,4.978403755868545,7.1102470265324795
2017,Arquitectura y Urbanismo,Posgrado,Presencial,2184.0,860.0,1324.0,426.0,172.0,254.0,65.0,29.0,36.0,0.5482401656314699,0.23431734317343172,0.35610766045548653
2017,Arquitectura y Urbanismo,Pregrado,Presencial,0.0,0.0,0.0,0.0,0.0,0.0,1950.0,829.0,1121.0,0.0,0.0,0.0
2017,Artes,Grado,Distancia,599.0,160.0,439.0,197.0,51.0,146.0,35.0,9.0,26.0,0.09821029082774049,0.12006578947368421,0.035794183445190156
2017,Artes,Grado,Presencial,57435.0,24354.0,33081.0,14389.0,6474.0,7915.0,1572.0,491.0,1081.0,30.945743685687557,24.353846153846153,22.78203928905519
2017,Artes,Posgrado,Presencial,2162.0,658.0,1504.0,419.0,106.0,313.0,94.0,37.0,57.0,30.08,20.866666666666667,13.16
2017,Artes,Pregrado,Distancia,459.0,301.0,158.0,171.0,116.0,55.0,6.0,4.0,2.0,0.008082254846795232,0.012850467289719626,0.015397207018261803
2017,Artes,Pregrado,Presencial,5468.0,2332.0,3136.0,2973.0,1099.0,1874.0,862.0,278.0,584.0,1.1516709511568124,3.0080256821829856,0.8564083731178846
2017,Comunicacion,Grado,Distancia,3918.0,1774.0,2144.0,1826.0,900.0,926.0,141.0,48.0,93.0,1.0103675777568333,1.1265206812652069,0.8360037700282752
2017,Comunicacion,Grado,Presencial,86015.0,30887.0,55128.0,20750.0,7901.0,12849.0,4118.0,1345.0,2773.0,1080.9411764705883,755.8235294117648,605.6274509803922
2017,Comunicacion,Posgrado,Distancia,141.0,34.0,107.0,78.0,13.0,65.0,11.0,2.0,9.0,0.29155313351498635,1.3,0.09264305177111716
2017,Comunicacion,Posgrado,Presencial,6173.0,1890.0,4283.0,1332.0,444.0,888.0,375.0,121.0,254.0,inf,inf,inf
2017,Comunicacion,Pregrado,Distancia,2162.0,863.0,1299.0,1057.0,474.0,583.0,260.0,87.0,173.0,1.0552396425670187,2.089605734767025,0.7010560519902518
2017,Comunicacion,Pregrado,Presencial,5393.0,1578.0,3815.0,1406.0,428.0,978.0,711.0,193.0,518.0,0.36357571714476317,0.36670416197975253,0.15038597160011435
2017,Diseño,Grado,Presencial,41802.0,14932.0,26870.0,9876.0,3834.0,6042.0,2561.0,707.0,1854.0,62.0554272517321,73.6829268292683,34.48498845265589
2017,Diseño,Posgrado,Presencial,640.0,233.0,407.0,166.0,62.0,104.0,43.0,21.0,22.0,1.0626631853785902,0.5842696629213483,0.608355091383812
2017,Diseño,Pregrado,Distancia,476.0,271.0,205.0,159.0,91.0,68.0,15.0,8.0,7.0,0.04872830995959116,0.04461942257217848,0.06441644877584977
2017,Diseño,Pregrado,Presencial,3858.0,1156.0,2702.0,1130.0,354.0,776.0,526.0,123.0,403.0,4.29570747217806,2.8115942028985508,1.837837837837838
2017,Economicas,Grado,Distancia,32508.0,14807.0,17701.0,11343.0,5375.0,5968.0,772.0,312.0,460.0,2.154454722492697,2.8058298072402446,1.8022151898734178
2017,Economicas,Grado,Presencial,258397.0,120935.0,137462.0,52945.0,26160.0,26785.0,12604.0,5748.0,6856.0,277.7010101010101,109.3265306122449,244.31313131313132
2017,Economicas,Posgrado,Distancia,801.0,505.0,296.0,491.0,293.0,198.0,27.0,12.0,15.0,0.6727272727272727,1.2857142857142858,1.1477272727272727
2017,Economicas,Posgrado,Presencial,22119.0,13202.0,8917.0,5737.0,3491.0,2246.0,2090.0,1292.0,798.0,9.192783505154638,7.99288256227758,13.610309278350515
2017,Economicas,Pregrado,Distancia,3500.0,1358.0,2142.0,1737.0,706.0,1031.0,261.0,86.0,175.0,0.02138855881853675,0.049864577287676536,0.013560066701948136
2017,Economicas,Pregrado,Presencial,7864.0,4229.0,3635.0,2437.0,1426.0,1011.0,1860.0,944.0,916.0,1.4860997547015535,2.3135011441647597,1.7289452166802943
2017,Educacion,Grado,Distancia,18584.0,2915.0,15669.0,7086.0,1208.0,5878.0,808.0,128.0,680.0,22.480631276901004,29.39,4.182209469153515
2017,Educacion,Grado,Presencial,116701.0,32028.0,84673.0,32670.0,9590.0,23080.0,5899.0,1478.0,4421.0,4.148806898917145,3.7473615846728365,1.5693076583860062
2017,Educacion,Posgrado,Distancia,3244.0,714.0,2530.0,1374.0,312.0,1062.0,567.0,106.0,461.0,1.0702199661590523,0.885,0.3020304568527919
2017,Educacion,Posgrado,Presencial,11862.0,3387.0,8475.0,2352.0,679.0,1673.0,875.0,274.0,601.0,0.40878834651746093,0.41206896551724137,0.16337063476750915
2017,Educacion,Pregrado,Distancia,272.0,78.0,194.0,0.0,0.0,0.0,21.0,7.0,14.0,0.9023255813953488,0.0,0.3627906976744186
2017,Educacion,Pregrado,Presencial,3337.0,671.0,2666.0,714.0,91.0,623.0,548.0,134.0,414.0,18.51388888888889,9.88888888888889,4.659722222222222
2017,Exactas,Grado,Distancia,142.0,36.0,106.0,51.0,15.0,36.0,14.0,4.0,10.0,0.17696160267111852,0.1422924901185771,0.06010016694490818
2017,Exactas,Grado,Presencial,18418.0,9497.0,8921.0,4456.0,2160.0,2296.0,644.0,382.0,262.0,57.55483870967742,27.333333333333332,61.270967741935486
2017,Exactas,Posgrado,Presencial,3033.0,1447.0,1586.0,407.0,211.0,196.0,366.0,179.0,187.0,0.013330979818611258,0.008100177707980329,0.01216262786729539
2017,Exactas,Pregrado,Presencial,1250.0,459.0,791.0,434.0,164.0,270.0,74.0,39.0,35.0,0.22567760342368046,0.31141868512110726,0.13095577746077033
2017,"Hoteleria, Gastronomia y Turismo",Grado,Distancia,2427.0,705.0,1722.0,824.0,256.0,568.0,72.0,17.0,55.0,0.3126929362629381,0.30358097274184925,0.12801888505538406
2017,"Hoteleria, Gastronomia y Turismo",Grado,Presencial,18241.0,5746.0,12495.0,5117.0,1764.0,3353.0,861.0,207.0,654.0,1.475555030703826,1.9631147540983607,0.6785545583372697
2017,"Hoteleria, Gastronomia y Turismo",Posgrado,Distancia,300.0,109.0,191.0,42.0,15.0,27.0,4.0,2.0,2.0,2.448717948717949,0.7714285714285715,1.3974358974358974
2017,"Hoteleria, Gastronomia y Turismo",Posgrado,Presencial,179.0,77.0,102.0,23.0,10.0,13.0,14.0,5.0,9.0,inf,inf,inf
2017,"Hoteleria, Gastronomia y Turismo",Pregrado,Distancia,830.0,245.0,585.0,387.0,169.0,218.0,35.0,5.0,30.0,0.6290322580645161,0.2982216142270862,0.26344086021505375
2017,"Hoteleria, Gastronomia y Turismo",Pregrado,Presencial,4680.0,1559.0,3121.0,1876.0,644.0,1232.0,536.0,149.0,387.0,0.02173277254749039,0.04483750045492594,0.010855941173193695
2017,Informatica,Grado,Distancia,3628.0,3156.0,472.0,1519.0,1322.0,197.0,35.0,30.0,5.0,0.026593047495633557,0.054691837867851194,0.17781283452588878
2017,Informatica,Grado,Presencial,122057.0,103046.0,19011.0,27270.0,23310.0,3960.0,3833.0,3165.0,668.0,10.00052603892688,6.723259762308999,54.20620725933719
2017,Informatica,Posgrado,Distancia,99.0,55.0,44.0,19.0,9.0,10.0,0.0,0.0,0.0,0.0049299719887955186,0.003334444814938313,0.0061624649859943975
2017,Informatica,Posgrado,Presencial,3523.0,2568.0,955.0,577.0,433.0,144.0,144.0,108.0,36.0,0.03314936304627026,0.01660899653979239,0.08913881078829533
2017,Informatica,Pregrado,Distancia,795.0,603.0,192.0,257.0,199.0,58.0,47.0,37.0,10.0,0.00428236868517899,0.005914746073832348,0.013449314151890265
2017,Informatica,Pregrado,Presencial,17434.0,14866.0,2568.0,6548.0,5587.0,961.0,1665.0,1381.0,284.0,69.4054054054054,56.529411764705884,401.7837837837838
2017,Ingenieria,Grado,Distancia,225.0,165.0,60.0,44.0,31.0,13.0,26.0,17.0,9.0,0.011135857461024499,0.006629270780214177,0.030623608017817373
2017,Ingenieria,Grado,Presencial,141872.0,109791.0,32081.0,29598.0,22554.0,7044.0,5749.0,4422.0,1327.0,3.2074585082983402,1.2849325063845312,10.976904619076185
2017,Ingenieria,Posgrado,Presencial,3120.0,2132.0,988.0,741.0,506.0,235.0,317.0,215.0,102.0,0.2608236536430834,0.15171078114912848,0.5628299894403379
2017,Ingenieria,Pregrado,Presencial,3442.0,3204.0,238.0,1263.0,1170.0,93.0,730.0,595.0,135.0,2.0517241379310347,7.153846153846154,27.620689655172413
2017,Juridicas,Grado,Distancia,36261.0,15877.0,20384.0,13102.0,5967.0,7135.0,1819.0,647.0,1172.0,0.2305204351661276,0.43623135240890193,0.1795512632031303
2017,Juridicas,Grado,Presencial,185233.0,77202.0,108031.0,37759.0,16274.0,21485.0,11230.0,4570.0,6660.0,1521.5633802816901,795.7407407407408,1087.3521126760563
2017,Juridicas,Posgrado,Distancia,124.0,49.0,75.0,83.0,32.0,51.0,2.0,0.0,2.0,0.007167431192660551,0.021573604060913704,0.004682721712538226
2017,Juridicas,Posgrado,Presencial,22451.0,9810.0,12641.0,5493.0,2434.0,3059.0,1757.0,793.0,964.0,19.938485804416406,14.227906976744187,15.473186119873818
2017,Juridicas,Pregrado,Distancia,13644.0,6542.0,7102.0,7133.0,3448.0,3685.0,2450.0,1214.0,1236.0,0.7831936479929422,1.1255345143555284,0.7214380238200264
2017,Juridicas,Pregrado,Presencial,9337.0,4295.0,5042.0,3185.0,1464.0,1721.0,4331.0,1802.0,2529.0,8.198373983739838,6.2355072463768115,6.983739837398374
2017,Naturales,Grado,Distancia,863.0,389.0,474.0,415.0,193.0,222.0,15.0,5.0,10.0,0.06635867282654347,0.15112321307011573,0.054458910821783564
2017,Naturales,Grado,Presencial,87232.0,39524.0,47708.0,16967.0,7384.0,9583.0,3960.0,2013.0,1947.0,69.74853801169591,39.114285714285714,57.78362573099415
2017,Naturales,Posgrado,Distancia,215.0,125.0,90.0,92.0,49.0,43.0,14.0,7.0,7.0,inf,inf,inf
2017,Naturales,Posgrado,Presencial,11196.0,4866.0,6330.0,2569.0,1237.0,1332.0,1407.0,596.0,811.0,5.475778546712803,3.055045871559633,4.209342560553633
2017,Naturales,Pregrado,Distancia,407.0,249.0,158.0,134.0,82.0,52.0,22.0,12.0,10.0,0.2140921409214092,0.12380952380952381,0.33739837398373984
2017,Naturales,Pregrado,Presencial,3419.0,1685.0,1734.0,969.0,545.0,424.0,323.0,137.0,186.0,0.05595533899125496,0.036729036729036726,0.05437413275678467
2017,Otros,Grado,Distancia,6616.0,3713.0,2903.0,3152.0,1707.0,1445.0,327.0,203.0,124.0,1.0684578579315422,2.3884297520661155,1.3665807876334193
2017,Otros,Grado,Presencial,61338.0,31117.0,30221.0,20479.0,10207.0,10272.0,3493.0,1627.0,1866.0,14.43908265647396,10.677754677754677,14.86717630195891
2017,Otros,Posgrado,Distancia,2876.0,748.0,2128.0,1606.0,377.0,1229.0,999.0,156.0,843.0,0.3272839126422639,0.5127242386316229,0.1150415256844048
2017,Otros,Posgrado,Presencial,6529.0,2925.0,3604.0,2371.0,1073.0,1298.0,525.0,318.0,207.0,2.6002886002886,1.9004392386530016,2.1103896103896105
2017,Otros,Pregrado,Distancia,11901.0,5992.0,5909.0,5848.0,3100.0,2748.0,713.0,315.0,398.0,0.5364990012711095,0.6995926680244399,0.5440348647176321
2017,Otros,Pregrado,Presencial,62789.0,27880.0,34909.0,24681.0,11191.0,13490.0,12638.0,4897.0,7741.0,1203.7586206896551,1226.3636363636363,961.3793103448276
2017,Psicologia,Grado,Distancia,2311.0,132.0,2179.0,681.0,28.0,653.0,311.0,25.0,286.0,13.206060606060607,6.339805825242719,0.8
2017,Psicologia,Grado,Presencial,138007.0,26582.0,111425.0,32801.0,6901.0,25900.0,6493.0,941.0,5552.0,36.71334431630972,16.27906976744186,8.75848434925865
2017,Psicologia,Posgrado,Distancia,598.0,138.0,460.0,168.0,36.0,132.0,31.0,6.0,25.0,0.5502392344497608,0.4258064516129032,0.16507177033492823
2017,Psicologia,Posgrado,Presencial,8983.0,1820.0,7163.0,2632.0,470.0,2162.0,450.0,95.0,355.0,9.363398692810458,9.161016949152541,2.3790849673202614
2017,Psicologia,Pregrado,Distancia,269.0,48.0,221.0,55.0,10.0,45.0,2.0,0.0,2.0,0.0023232344469440534,0.0020720139976056727,0.0005045939070285726
2017,Psicologia,Pregrado,Presencial,1812.0,276.0,1536.0,109.0,11.0,98.0,331.0,42.0,289.0,1.5753846153846154,0.98,0.28307692307692306
2017,Salud,Grado,Distancia,6502.0,1542.0,4960.0,2470.0,584.0,1886.0,1566.0,330.0,1236.0,0.9661082976236852,1.4711388455538221,0.300350603817686
2017,Salud,Grado,Presencial,297008.0,80660.0,216348.0,82486.0,22782.0,59704.0,15267.0,4025.0,11242.0,75.67261280167891,56.11278195488722,28.212661769849596
2017,Salud,Posgrado,Distancia,285.0,134.0,151.0,108.0,42.0,66.0,14.0,4.0,10.0,0.14833005893909626,0.16136919315403422,0.13163064833005894
2017,Salud,Posgrado,Presencial,26247.0,9453.0,16794.0,7712.0,2897.0,4815.0,4092.0,1507.0,2585.0,0.5423017308189099,0.6964130749204512,0.3052505812451563
2017,Salud,Pregrado,Distancia,331.0,88.0,243.0,0.0,0.0,0.0,0.0,0.0,0.0,0.6090225563909775,0.0,0.22055137844611528
2017,Salud,Pregrado,Presencial,7215.0,1523.0,5692.0,1744.0,356.0,1388.0,4307.0,851.0,3456.0,2.8617395676219206,2.5099457504520797,0.7657114127702364
2017,Sociales,Grado,Distancia,10229.0,3656.0,6573.0,3732.0,1334.0,2398.0,481.0,156.0,325.0,13.305668016194332,15.776315789473685,7.40080971659919
2017,Sociales,Grado,Presencial,79187.0,34811.0,44376.0,18888.0,8705.0,10183.0,3241.0,1219.0,2022.0,22.46886075949367,13.54122340425532,17.625822784810126
2017,Sociales,Posgrado,Distancia,1648.0,749.0,899.0,501.0,231.0,270.0,122.0,48.0,74.0,0.004631657040994544,0.00592703165473943,0.0038588555324859993
2017,Sociales,Posgrado,Presencial,18613.0,7348.0,11265.0,4176.0,1754.0,2422.0,1177.0,453.0,724.0,204.8181818181818,44.03636363636364,133.6
2017,Sociales,Pregrado,Distancia,2274.0,800.0,1474.0,1511.0,576.0,935.0,77.0,27.0,50.0,0.09179225308257566,0.19527986633249791,0.04981940465811434
2017,Sociales,Pregrado,Presencial,1871.0,736.0,1135.0,980.0,312.0,668.0,593.0,192.0,401.0,0.6556903523974581,1.029275808936826,0.42518775274407855
