anio,provincia_id,institucion_nombre_new,estudiantes_total,estudiantes_varones,estudiantes_mujeres,nuevos_inscriptos_total,nuevos_inscriptos_varones,nuevos_inscriptos_mujeres,egresados_total,egresados_varones,egresados_mujeres,estudiantes_mujeres_pct,estudiantes_grupo_pct
2011,02,Facultad Latinoamericana de Ciencias Sociales,5762.0,1435.0,4327.0,4190.0,1140.0,3050.0,1587.0,366.0,1221.0,0.7509545296771954,0.009659066144989925
2011,02,Instituto Universitario CEMIC,457.0,150.0,307.0,148.0,48.0,100.0,88.0,29.0,59.0,0.6717724288840262,0.0007660869885908357
2011,02,Instituto Universitario Escuela Argentina de Negocios,1601.0,903.0,698.0,578.0,332.0,246.0,39.0,23.0,16.0,0.43597751405371643,0.0026838189687832126
2011,02,Instituto Universitario Escuela de Medicina del Hospital Italiano,710.0,260.0,450.0,223.0,90.0,133.0,102.0,34.0,68.0,0.6338028169014085,0.0011902007919026114
2011,02,Instituto Universitario de Gendarmeria Nacional,1058.0,924.0,134.0,670.0,599.0,71.0,193.0,161.0,32.0,0.1266540642722117,0.0017735668138492435
2011,02,Universidad Abierta Interamericana,21728.0,11000.0,10728.0,5935.0,2788.0,3147.0,2940.0,1343.0,1597.0,0.49374079528718706,0.03642349691050696
2011,02,Universidad Argentina John F. Kennedy,11972.0,5641.0,6331.0,1430.0,638.0,792.0,505.0,215.0,290.0,0.5288172402271968,0.020069132226278964
2011,02,Universidad Argentina de la Empresa,27915.0,15291.0,12624.0,7125.0,3775.0,3350.0,2822.0,1205.0,1617.0,0.4522299838796346,0.046795007191494924
2011,02,Universidad Blas Pascal,10258.0,4730.0,5528.0,3783.0,1709.0,2074.0,1243.0,567.0,676.0,0.5388964710469877,0.017195886934277448
2011,02,Universidad CAECE,6191.0,3300.0,2891.0,1272.0,668.0,604.0,722.0,371.0,351.0,0.46696817961557097,0.010378215637562067
2011,02,Universidad Favaloro,2885.0,1055.0,1830.0,813.0,246.0,567.0,421.0,155.0,266.0,0.634315424610052,0.004836238429069062
2011,02,Universidad ISALUD,3955.0,990.0,2965.0,1488.0,421.0,1067.0,602.0,137.0,465.0,0.7496839443742098,0.006629921312640603
2011,02,Universidad Nacional del Comahue,32376.0,11738.0,20638.0,9531.0,3770.0,5761.0,1334.0,439.0,895.0,0.63744749196936,0.05427315611075908
2011,02,Universidad Torcuato Di Tella,3253.0,1830.0,1423.0,901.0,502.0,399.0,372.0,228.0,144.0,0.43744236089763294,0.00545313123388619
2011,02,Universidad de Belgrano,13978.0,7350.0,6628.0,2864.0,1596.0,1268.0,977.0,477.0,500.0,0.47417370153097727,0.02343186854818972
2011,02,Universidad de Buenos Aires,382575.0,155189.0,227386.0,66156.0,26405.0,39751.0,20361.0,7608.0,12753.0,0.5943566620924002,0.6413254478340021
2011,02,Universidad de Ciencias Empresariales y Sociales,15446.0,6777.0,8669.0,4928.0,2142.0,2786.0,1487.0,529.0,958.0,0.5612456299365531,0.025892734410884136
2011,02,Universidad de Flores,3570.0,1555.0,2015.0,965.0,426.0,539.0,282.0,126.0,156.0,0.5644257703081232,0.005984530742383553
2011,02,Universidad de Palermo,16077.0,7374.0,8703.0,5211.0,2350.0,2861.0,1401.0,560.0,841.0,0.5413323381227841,0.026950504410448287
2011,02,Universidad de la Marina Mercante,4568.0,2538.0,2030.0,1264.0,703.0,561.0,281.0,144.0,137.0,0.44439579684763575,0.007657517207621308
2011,02,Universidad del CEMA,938.0,684.0,254.0,512.0,380.0,132.0,393.0,277.0,116.0,0.27078891257995735,0.001572406116626267
2011,02,Universidad del Cine,1435.0,776.0,659.0,442.0,240.0,202.0,96.0,52.0,44.0,0.4592334494773519,0.002405546670958095
2011,02,Universidad del Museo Social Argentino,4573.0,1625.0,2948.0,1548.0,620.0,928.0,537.0,125.0,412.0,0.6446534003936147,0.007665898903338932
2011,02,Universidad del Salvador,23257.0,7717.0,15540.0,7499.0,2435.0,5064.0,2185.0,596.0,1589.0,0.6681859225179516,0.038986619460956384
2011,06,Escuela Universitaria de Teologia,112.0,41.0,71.0,29.0,11.0,18.0,4.0,2.0,2.0,0.6339285714285714,0.00035303611055073636
2011,06,Universidad Austral,6072.0,3183.0,2889.0,1289.0,661.0,628.0,742.0,424.0,318.0,0.47579051383399207,0.01913960056485778
2011,06,Universidad Nacional Arturo Jauretche,3049.0,989.0,2060.0,3049.0,989.0,2060.0,0.0,0.0,0.0,0.6756313545424729,0.009610777688117814
2011,06,Universidad Nacional de Avellaneda,641.0,274.0,367.0,641.0,274.0,367.0,0.0,0.0,0.0,0.5725429017160687,0.002020501311276982
2011,06,Universidad Nacional de General Sarmiento,6806.0,3488.0,3318.0,1540.0,825.0,715.0,293.0,133.0,160.0,0.4875110196885101,0.021453247932217066
2011,06,Universidad Nacional de La Matanza,40953.0,20266.0,20687.0,6410.0,3161.0,3249.0,1924.0,708.0,1216.0,0.5051400385808121,0.12908828424450272
2011,06,Universidad Nacional de La Plata,122645.0,55468.0,67177.0,21917.0,10068.0,11849.0,6208.0,2280.0,3928.0,0.5477353336866566,0.3865903015937059
2011,06,Universidad Nacional de Lomas de Zamora,36285.0,15621.0,20664.0,7710.0,3565.0,4145.0,2863.0,1266.0,1597.0,0.5694915254237288,0.11437424349404882
2011,06,Universidad Nacional de Mar del Plata,24517.0,9135.0,15382.0,4977.0,1902.0,3075.0,1511.0,487.0,1024.0,0.6274013949504426,0.07728023502118217
2011,06,Universidad Nacional de Moreno,1007.0,418.0,589.0,1007.0,418.0,589.0,0.0,0.0,0.0,0.5849056603773585,0.0031741728868267096
2011,06,Universidad Nacional de Quilmes,16944.0,6839.0,10105.0,4380.0,1656.0,2724.0,612.0,183.0,429.0,0.596376298394712,0.05340932015331854
2011,06,Universidad Nacional de Tres de Febrero,13586.0,6933.0,6653.0,6659.0,3429.0,3230.0,468.0,209.0,259.0,0.48969527454732814,0.04282454105305628
2011,06,Universidad Nacional del Centro de la Provincia de Buenos Aires,15817.0,8274.0,7543.0,3011.0,1521.0,1490.0,930.0,481.0,449.0,0.4768919516975406,0.04985689429090175
2011,06,Universidad Nacional del Noroeste de la Provincia de Buenos Aires,6283.0,3262.0,3021.0,1662.0,977.0,685.0,111.0,52.0,59.0,0.4808212637275187,0.019804695380270326
2011,06,Universidad Nacional del Sur,21672.0,9891.0,11781.0,4701.0,2109.0,2592.0,1258.0,542.0,716.0,0.5436046511627907,0.06831248739156748
2011,06,Universidad Notarial Argentina,377.0,187.0,190.0,104.0,38.0,66.0,11.0,6.0,5.0,0.5039787798408488,0.0011883447649788177
2011,06,Universidad del Este,482.0,173.0,309.0,254.0,95.0,159.0,0.0,0.0,0.0,0.6410788381742739,0.0015193161186201332
2011,10,Universidad Nacional de Catamarca,14740.0,6395.0,8345.0,4200.0,1961.0,2239.0,438.0,155.0,283.0,0.566146540027137,1.0
2011,14,Universidad Empresarial Siglo 21,35354.0,18002.0,17352.0,19866.0,10246.0,9620.0,1215.0,560.0,655.0,0.4908072636759631,1.0
2011,22,Universidad Nacional del Chaco Austral,2895.0,1358.0,1537.0,1247.0,607.0,640.0,9.0,4.0,5.0,0.5309153713298791,0.05124347287370564
2011,22,Universidad Nacional del Nordeste,53600.0,24213.0,29387.0,11774.0,5227.0,6547.0,3199.0,1317.0,1882.0,0.5482649253731343,0.9487565271262943
2011,26,Universidad Nacional de la Patagonia San Juan Bosco,13972.0,5396.0,8576.0,3567.0,1441.0,2126.0,444.0,157.0,287.0,0.6137990266246779,1.0
2011,30,Universidad Adventista del Plata,3854.0,1784.0,2070.0,668.0,291.0,377.0,332.0,153.0,179.0,0.537104307213285,1.0
2011,34,Universidad Nacional de Formosa,11535.0,4148.0,7387.0,3873.0,1447.0,2426.0,464.0,175.0,289.0,0.6403987863025574,1.0
2011,38,Universidad Nacional de Jujuy,15513.0,7168.0,8345.0,4052.0,2074.0,1978.0,268.0,95.0,173.0,0.5379359247083092,1.0
2011,42,Universidad Nacional de La Pampa,9262.0,3666.0,5596.0,2242.0,826.0,1416.0,401.0,179.0,222.0,0.6041891600086374,1.0
2011,46,Universidad Nacional de Chilecito,5736.0,2543.0,3193.0,981.0,362.0,619.0,62.0,30.0,32.0,0.5566596931659693,0.1475764124729855
2011,46,Universidad Nacional de La Rioja,33132.0,15146.0,17986.0,5636.0,2745.0,2891.0,953.0,369.0,584.0,0.5428588675600627,0.8524235875270145
2011,50,Universidad Champagnat,3261.0,1557.0,1704.0,578.0,282.0,296.0,350.0,171.0,179.0,0.5225390984360626,0.05808175260486241
2011,50,Universidad Nacional de Cuyo,35302.0,13572.0,21730.0,7446.0,3074.0,4372.0,2635.0,1010.0,1625.0,0.6155458614242819,0.6287648054145516
2011,50,Universidad de Mendoza,9745.0,4534.0,5211.0,1455.0,660.0,795.0,673.0,250.0,423.0,0.5347357619291945,0.1735684388636566
2011,50,Universidad del Aconcagua,7837.0,2945.0,4892.0,1775.0,672.0,1103.0,644.0,208.0,436.0,0.6242184509378589,0.13958500311692937
2011,54,Universidad Nacional de Misiones,24645.0,10066.0,14579.0,5751.0,2119.0,3632.0,772.0,296.0,476.0,0.5915601541894908,0.7972116193310474
2011,54,Universidad de la Cuenca del Plata,6269.0,2208.0,4061.0,2055.0,782.0,1273.0,455.0,135.0,320.0,0.647790716222683,0.20278838066895258
2011,66,Universidad Nacional de Salta,28949.0,12359.0,16590.0,6195.0,2755.0,3440.0,830.0,331.0,499.0,0.5730767902172786,1.0
2011,70,Universidad Nacional de San Juan,19153.0,8549.0,10604.0,4324.0,2059.0,2265.0,603.0,269.0,334.0,0.5536469482587584,1.0
2011,74,Universidad Nacional de San Luis,14828.0,5705.0,9123.0,3856.0,1737.0,2119.0,684.0,196.0,488.0,0.6152549231184246,1.0
2011,78,Universidad Nacional de la Patagonia Austral,9364.0,2718.0,6646.0,5110.0,1400.0,3710.0,108.0,19.0,89.0,0.7097394275950448,1.0
2011,82,Instituto Universitario Italiano de Rosario,864.0,305.0,559.0,363.0,113.0,250.0,71.0,26.0,45.0,0.6469907407407407,0.006460489322246815
2011,82,Universidad Nacional de Rosario,83185.0,31455.0,51730.0,15940.0,6471.0,9469.0,6588.0,2460.0,4128.0,0.6218669231231593,0.622009032721182
2011,82,Universidad Nacional del Litoral,46346.0,20238.0,26108.0,10585.0,4732.0,5853.0,2076.0,797.0,1279.0,0.5633280110473395,0.3465484237602441
2011,82,Universidad del Centro Educativo Latinoamericano,3341.0,1402.0,1939.0,981.0,452.0,529.0,410.0,120.0,290.0,0.5803651601316971,0.024982054196327094
2011,86,Universidad Nacional de Santiago del Estero,17039.0,5570.0,11469.0,4129.0,1247.0,2882.0,766.0,153.0,613.0,0.6731028816245085,1.0
2012,02,Facultad Latinoamericana de Ciencias Sociales,5762.0,1435.0,4327.0,4190.0,1140.0,3050.0,1587.0,366.0,1221.0,0.7509545296771954,0.010023205407868965
2012,02,Instituto Universitario CEMIC,532.0,165.0,367.0,151.0,41.0,110.0,84.0,18.0,66.0,0.6898496240601504,0.0009254330574429519
2012,02,Instituto Universitario Escuela Argentina de Negocios,1485.0,794.0,691.0,503.0,271.0,232.0,104.0,53.0,51.0,0.4653198653198653,0.002583210696057864
2012,02,Instituto Universitario Escuela de Medicina del Hospital Italiano,738.0,270.0,468.0,210.0,61.0,149.0,112.0,36.0,76.0,0.6341463414634146,0.0012837774368287566
2012,02,Instituto Universitario de Gendarmeria Nacional,994.0,824.0,170.0,358.0,293.0,65.0,173.0,141.0,32.0,0.1710261569416499,0.0017290986073276208
2012,02,Universidad Abierta Interamericana,22300.0,11007.0,11293.0,5654.0,2561.0,3093.0,3007.0,1411.0,1596.0,0.5064125560538116,0.03879164883642449
2012,02,Universidad Argentina John F. Kennedy,10615.0,4837.0,5778.0,1245.0,514.0,731.0,812.0,303.0,509.0,0.5443240697126708,0.01846517275330251
2012,02,Universidad Argentina de la Empresa,29050.0,15664.0,13386.0,7181.0,3801.0,3380.0,3153.0,1340.0,1813.0,0.4607917383820998,0.05053351563668751
2012,02,Universidad Blas Pascal,9791.0,4375.0,5416.0,3867.0,1727.0,2140.0,1388.0,569.0,819.0,0.5531610662853641,0.01703179523575929
2012,02,Universidad CAECE,6690.0,3581.0,3109.0,1291.0,627.0,664.0,821.0,427.0,394.0,0.4647234678624813,0.011637494650927347
2012,02,Universidad Favaloro,2968.0,1059.0,1909.0,810.0,275.0,535.0,401.0,113.0,288.0,0.6431940700808625,0.005162942320471205
2012,02,Universidad ISALUD,4177.0,1012.0,3165.0,1592.0,400.0,1192.0,623.0,138.0,485.0,0.7577208522863299,0.007266041129584982
2012,02,Universidad Nacional del Comahue,31909.0,11544.0,20365.0,9297.0,3612.0,5685.0,1267.0,383.0,884.0,0.6382211915133661,0.05550684855253224
2012,02,Universidad Torcuato Di Tella,3600.0,2020.0,1580.0,982.0,565.0,417.0,412.0,250.0,162.0,0.4388888888888889,0.0062623289601402765
2012,02,Universidad de Belgrano,14283.0,7500.0,6783.0,3422.0,1877.0,1545.0,974.0,469.0,505.0,0.47490023104389834,0.024845790149356544
2012,02,Universidad de Buenos Aires,356593.0,145853.0,210740.0,62857.0,25981.0,36876.0,18878.0,6942.0,11936.0,0.5909818756958213,0.6203062974675837
2012,02,Universidad de Ciencias Empresariales y Sociales,15357.0,6661.0,8696.0,4304.0,1907.0,2397.0,1847.0,619.0,1228.0,0.5662564302923748,0.02671405162246506
2012,02,Universidad de Flores,4152.0,1843.0,2309.0,1077.0,469.0,608.0,327.0,155.0,172.0,0.5561175337186898,0.007222552734028452
2012,02,Universidad de Palermo,15399.0,6860.0,8539.0,4925.0,2069.0,2856.0,1592.0,582.0,1010.0,0.5545165270472109,0.02678711212700003
2012,02,Universidad de la Marina Mercante,4460.0,2403.0,2057.0,1213.0,632.0,581.0,255.0,113.0,142.0,0.46121076233183855,0.0077583297672848975
2012,02,Universidad del CEMA,1176.0,839.0,337.0,401.0,272.0,129.0,318.0,208.0,110.0,0.28656462585034015,0.002045694126979157
2012,02,Universidad del Cine,1408.0,743.0,665.0,424.0,216.0,208.0,93.0,50.0,43.0,0.47230113636363635,0.0024492664377437526
2012,02,Universidad del Museo Social Argentino,4225.0,1542.0,2683.0,1107.0,430.0,677.0,462.0,135.0,327.0,0.6350295857988165,0.0073495388490535185
2012,02,Universidad del Salvador,27202.0,9525.0,17677.0,7011.0,2444.0,4567.0,2708.0,679.0,2029.0,0.6498419233879862,0.04731885343714883
2012,06,Escuela Universitaria de Teologia,87.0,35.0,52.0,18.0,9.0,9.0,2.0,1.0,1.0,0.5977011494252874,0.0002610347176174431
2012,06,Universidad Austral,4978.0,2521.0,2457.0,1874.0,1024.0,850.0,760.0,495.0,265.0,0.493571715548413,0.014935986486202665
2012,06,Universidad Nacional Arturo Jauretche,5392.0,2214.0,3178.0,3882.0,1660.0,2222.0,0.0,0.0,0.0,0.5893916913946587,0.016178151694175327
2012,06,Universidad Nacional de Avellaneda,4372.0,2434.0,1938.0,3932.0,2217.0,1715.0,0.0,0.0,0.0,0.4432753888380604,0.013117744660039786
2012,06,Universidad Nacional de General Sarmiento,8011.0,4154.0,3857.0,1702.0,984.0,718.0,258.0,130.0,128.0,0.4814629883909624,0.024036196814176285
2012,06,Universidad Nacional de La Matanza,40107.0,19153.0,20954.0,6125.0,2777.0,3348.0,2285.0,875.0,1410.0,0.522452439723739,0.12033700482164128
2012,06,Universidad Nacional de La Plata,125602.0,56586.0,69016.0,24321.0,11078.0,13243.0,6475.0,2426.0,4049.0,0.5494816961513351,0.3768561218642079
2012,06,Universidad Nacional de Lomas de Zamora,35283.0,15214.0,20069.0,7578.0,3394.0,4184.0,2583.0,1175.0,1408.0,0.5688008389309299,0.10586307978961201
2012,06,Universidad Nacional de Mar del Plata,24639.0,9227.0,15412.0,5301.0,1946.0,3355.0,1447.0,486.0,961.0,0.6255123990421689,0.07392683226869173
2012,06,Universidad Nacional de Moreno,2212.0,897.0,1315.0,1206.0,479.0,727.0,0.0,0.0,0.0,0.5944846292947559,0.006636882705399818
2012,06,Universidad Nacional de Quilmes,24337.0,9632.0,14705.0,7273.0,2811.0,4462.0,766.0,265.0,501.0,0.6042240210379258,0.07302071175466338
2012,06,Universidad Nacional de Tres de Febrero,14392.0,7228.0,7164.0,6894.0,3500.0,3394.0,408.0,181.0,227.0,0.49777654252362424,0.043181743171841855
2012,06,Universidad Nacional del Centro de la Provincia de Buenos Aires,15075.0,7870.0,7205.0,2942.0,1462.0,1480.0,746.0,388.0,358.0,0.4779436152570481,0.04523101572509144
2012,06,Universidad Nacional del Noroeste de la Provincia de Buenos Aires,6696.0,3508.0,3188.0,1565.0,889.0,676.0,176.0,77.0,99.0,0.47610513739545995,0.020090672059383897
2012,06,Universidad Nacional del Sur,21207.0,9690.0,11517.0,4733.0,2188.0,2545.0,1181.0,527.0,654.0,0.5430753996321969,0.06362946271854157
2012,06,Universidad Notarial Argentina,359.0,124.0,235.0,64.0,24.0,40.0,27.0,10.0,17.0,0.6545961002785515,0.0010771432600535872
2012,06,Universidad del Este,540.0,204.0,336.0,275.0,120.0,155.0,11.0,2.0,9.0,0.6222222222222222,0.0016202154886599917
2012,10,Universidad Nacional de Catamarca,13235.0,5940.0,7295.0,3300.0,1486.0,1814.0,445.0,176.0,269.0,0.5511900264450321,1.0
2012,14,Universidad Empresarial Siglo 21,45327.0,23398.0,21929.0,24344.0,13018.0,11326.0,2046.0,964.0,1082.0,0.48379553025790367,1.0
2012,22,Universidad Nacional del Chaco Austral,3214.0,1480.0,1734.0,1314.0,645.0,669.0,6.0,1.0,5.0,0.5395146235220909,0.05636717585366281
2012,22,Universidad Nacional del Nordeste,53805.0,24294.0,29511.0,12656.0,5738.0,6918.0,3643.0,1503.0,2140.0,0.5484806244772791,0.9436328241463372
2012,26,Universidad Nacional de la Patagonia San Juan Bosco,14156.0,5397.0,8759.0,3795.0,1474.0,2321.0,404.0,143.0,261.0,0.6187482339643967,1.0
2012,30,Universidad Adventista del Plata,3680.0,1676.0,2004.0,556.0,249.0,307.0,400.0,163.0,237.0,0.5445652173913044,1.0
2012,34,Universidad Nacional de Formosa,11678.0,4254.0,7424.0,3981.0,1552.0,2429.0,468.0,151.0,317.0,0.6357252954272992,1.0
2012,38,Universidad Nacional de Jujuy,16243.0,7452.0,8791.0,4136.0,2014.0,2122.0,168.0,65.0,103.0,0.5412177553407622,1.0
2012,42,Universidad Nacional de La Pampa,9603.0,3751.0,5852.0,2648.0,1002.0,1646.0,442.0,174.0,268.0,0.6093928980526919,1.0
2012,46,Universidad Nacional de Chilecito,6681.0,2988.0,3693.0,1010.0,417.0,593.0,75.0,11.0,64.0,0.5527615626403233,0.15999329469802193
2012,46,Universidad Nacional de La Rioja,35077.0,16259.0,18818.0,5494.0,2475.0,3019.0,873.0,342.0,531.0,0.5364768936910226,0.8400067053019781
2012,50,Universidad Champagnat,3065.0,1386.0,1679.0,428.0,211.0,217.0,229.0,103.0,126.0,0.5477977161500815,0.05520234857626569
2012,50,Universidad Nacional de Cuyo,35810.0,13842.0,21968.0,7493.0,3194.0,4299.0,2656.0,1078.0,1578.0,0.6134599273945825,0.6449579453559786
2012,50,Universidad de Mendoza,9162.0,4161.0,5001.0,1272.0,582.0,690.0,568.0,251.0,317.0,0.545841519318926,0.16501269744070024
2012,50,Universidad del Aconcagua,7486.0,2853.0,4633.0,1671.0,711.0,960.0,668.0,226.0,442.0,0.6188885920384718,0.13482700862705546
2012,54,Universidad Nacional de Misiones,21416.0,8839.0,12577.0,5827.0,2460.0,3367.0,755.0,258.0,497.0,0.587271199103474,0.7473217712949716
2012,54,Universidad de la Cuenca del Plata,7241.0,2484.0,4757.0,2231.0,714.0,1517.0,474.0,135.0,339.0,0.6569534594669244,0.25267822870502843
2012,66,Universidad Nacional de Salta,28285.0,12127.0,16158.0,5926.0,2815.0,3111.0,714.0,255.0,459.0,0.5712568499204526,1.0
2012,70,Universidad Nacional de San Juan,21699.0,10033.0,11666.0,4261.0,2060.0,2201.0,660.0,285.0,375.0,0.5376284621411125,1.0
2012,74,Universidad Nacional de San Luis,14684.0,5586.0,9098.0,3473.0,1416.0,2057.0,591.0,206.0,385.0,0.6195859438845002,1.0
2012,78,Universidad Nacional de la Patagonia Austral,7638.0,2422.0,5216.0,2813.0,987.0,1826.0,152.0,36.0,116.0,0.6829012830583923,1.0
2012,82,Instituto Universitario Italiano de Rosario,1030.0,363.0,667.0,294.0,90.0,204.0,80.0,35.0,45.0,0.6475728155339806,0.007245714124921739
2012,82,Universidad Nacional de Rosario,89422.0,34792.0,54630.0,17133.0,6914.0,10219.0,6536.0,2388.0,4148.0,0.6109234863903737,0.6290546101735454
2012,82,Universidad Nacional del Litoral,47783.0,20712.0,27071.0,10834.0,4625.0,6209.0,2338.0,988.0,1350.0,0.5665404013979868,0.33613782333119946
2012,82,Universidad del Centro Educativo Latinoamericano,3918.0,1676.0,2242.0,902.0,416.0,486.0,413.0,116.0,297.0,0.5722307299642675,0.027561852370333373
2012,86,Universidad Nacional de Santiago del Estero,17439.0,5553.0,11886.0,4400.0,1388.0,3012.0,1012.0,156.0,856.0,0.6815757784276621,1.0
2013,02,Facultad Latinoamericana de Ciencias Sociales,7604.0,1574.0,6030.0,2823.0,595.0,2228.0,1767.0,337.0,1430.0,0.7930036822724882,0.013193486540179928
2013,02,Instituto Universitario CEMIC,574.0,176.0,398.0,172.0,41.0,131.0,74.0,29.0,45.0,0.6933797909407665,0.0009959312564522984
2013,02,Instituto Universitario Escuela Argentina de Negocios,1247.0,688.0,559.0,456.0,250.0,206.0,115.0,52.0,63.0,0.4482758620689655,0.0021636346285644884
2013,02,Instituto Universitario Escuela de Medicina del Hospital Italiano,756.0,283.0,473.0,227.0,82.0,145.0,92.0,26.0,66.0,0.6256613756613757,0.001311714337766442
2013,02,Instituto Universitario de Gendarmeria Nacional,1302.0,1047.0,255.0,451.0,362.0,89.0,199.0,163.0,36.0,0.195852534562212,0.0022590635817088724
2013,02,Universidad Abierta Interamericana,22737.0,10984.0,11753.0,6280.0,2820.0,3460.0,3067.0,1365.0,1702.0,0.5169107621937811,0.03945032922988835
2013,02,Universidad Argentina John F. Kennedy,9694.0,4361.0,5333.0,1451.0,579.0,872.0,786.0,312.0,474.0,0.5501341035692181,0.01681978675966652
2013,02,Universidad Argentina de la Empresa,30025.0,15905.0,14120.0,7614.0,3815.0,3799.0,3339.0,1394.0,1945.0,0.47027477102414655,0.05209553305745691
2013,02,Universidad Blas Pascal,9322.0,4152.0,5170.0,3498.0,1588.0,1910.0,1290.0,545.0,745.0,0.5546020167346063,0.016174340022035414
2013,02,Universidad CAECE,5913.0,3241.0,2672.0,1011.0,493.0,518.0,648.0,318.0,330.0,0.45188567562996784,0.010259479998958957
2013,02,Universidad Favaloro,2789.0,955.0,1834.0,926.0,310.0,616.0,387.0,112.0,275.0,0.657583363212621,0.004839115460357945
2013,02,Universidad ISALUD,4402.0,1077.0,3325.0,1633.0,434.0,1199.0,494.0,103.0,391.0,0.7553384825079509,0.007637786395301425
2013,02,Universidad Nacional del Comahue,34280.0,12391.0,21889.0,9806.0,3882.0,5924.0,1295.0,394.0,901.0,0.6385355892648775,0.05947826388708152
2013,02,Universidad Torcuato Di Tella,4060.0,2301.0,1759.0,1096.0,663.0,433.0,507.0,286.0,221.0,0.4332512315270936,0.007044391813930892
2013,02,Universidad de Belgrano,14412.0,7563.0,6849.0,3563.0,1934.0,1629.0,845.0,457.0,388.0,0.47522897585345547,0.025005855867579314
2013,02,Universidad de Buenos Aires,352109.0,142813.0,209296.0,59585.0,23828.0,35757.0,20323.0,7413.0,12910.0,0.5944068456074681,0.610934422958471
2013,02,Universidad de Ciencias Empresariales y Sociales,16444.0,7246.0,9198.0,5040.0,2318.0,2722.0,1131.0,420.0,711.0,0.5593529554852834,0.028531521918295465
2013,02,Universidad de Flores,4372.0,1762.0,2610.0,1172.0,385.0,787.0,404.0,181.0,223.0,0.5969807868252516,0.0075857342390408524
2013,02,Universidad de Palermo,14698.0,6501.0,8197.0,4699.0,2027.0,2672.0,1393.0,498.0,895.0,0.5576949244795211,0.02550208642393011
2013,02,Universidad de la Marina Mercante,4363.0,2300.0,2063.0,1143.0,585.0,558.0,245.0,101.0,144.0,0.4728397891359157,0.007570118592162681
2013,02,Universidad del CEMA,2107.0,1499.0,608.0,420.0,288.0,132.0,369.0,259.0,110.0,0.28856193640246797,0.0036557964413675838
2013,02,Universidad del Cine,1331.0,737.0,594.0,427.0,226.0,201.0,101.0,49.0,52.0,0.4462809917355372,0.002309380666094093
2013,02,Universidad del Museo Social Argentino,3851.0,1306.0,2545.0,954.0,309.0,645.0,550.0,185.0,365.0,0.6608673071929368,0.006681761791982233
2013,02,Universidad del Salvador,27953.0,9735.0,18218.0,6717.0,2353.0,4364.0,3058.0,771.0,2287.0,0.6517368439881229,0.04850046413172666
2013,06,Escuela Universitaria de Teologia,87.0,39.0,48.0,25.0,12.0,13.0,3.0,0.0,3.0,0.5517241379310345,0.00025481960529321826
2013,06,Universidad Austral,5395.0,2649.0,2746.0,1953.0,962.0,991.0,862.0,499.0,363.0,0.5089898053753475,0.015801744489159917
2013,06,Universidad Nacional Arturo Jauretche,7824.0,2970.0,4854.0,3982.0,1452.0,2530.0,0.0,0.0,0.0,0.620398773006135,0.022916190710507354
2013,06,Universidad Nacional de Avellaneda,4938.0,2318.0,2620.0,2031.0,735.0,1296.0,54.0,14.0,40.0,0.5305791818550021,0.014463209321125424
2013,06,Universidad Nacional de General Sarmiento,8289.0,4466.0,3823.0,2192.0,1231.0,961.0,249.0,114.0,135.0,0.4612136566533961,0.0242781575663849
2013,06,Universidad Nacional de La Matanza,40979.0,19481.0,21498.0,6793.0,3171.0,3622.0,2149.0,906.0,1243.0,0.524610166182679,0.12002589201506658
2013,06,Universidad Nacional de La Plata,125116.0,56790.0,68326.0,24215.0,11170.0,13045.0,6633.0,2467.0,4166.0,0.5461012180696314,0.3664598820214517
2013,06,Universidad Nacional de Lomas de Zamora,35592.0,15229.0,20363.0,7849.0,3550.0,4299.0,2549.0,1117.0,1432.0,0.5721229489772983,0.10424757921374972
2013,06,Universidad Nacional de Mar del Plata,25160.0,9691.0,15469.0,5329.0,2253.0,3076.0,1367.0,517.0,850.0,0.614825119236884,0.07369265826640657
2013,06,Universidad Nacional de Moreno,3668.0,1440.0,2228.0,1474.0,551.0,923.0,5.0,2.0,3.0,0.6074154852780806,0.010743428876040514
2013,06,Universidad Nacional de Quilmes,26126.0,10375.0,15751.0,6632.0,2601.0,4031.0,924.0,269.0,655.0,0.6028860139324811,0.07652203457345541
2013,06,Universidad Nacional de Tres de Febrero,15183.0,7447.0,7736.0,6642.0,3247.0,3395.0,634.0,260.0,374.0,0.5095172232101692,0.044470414565137166
2013,06,Universidad Nacional del Centro de la Provincia de Buenos Aires,15457.0,7975.0,7482.0,3051.0,1472.0,1579.0,738.0,397.0,341.0,0.48405253283302063,0.045272949873761785
2013,06,Universidad Nacional del Noroeste de la Provincia de Buenos Aires,6737.0,3420.0,3317.0,1409.0,704.0,705.0,187.0,79.0,108.0,0.492355647914502,0.019732410124832317
2013,06,Universidad Nacional del Sur,19952.0,8951.0,11001.0,3896.0,1777.0,2119.0,1222.0,512.0,710.0,0.5513732959101845,0.05843862948057806
2013,06,Universidad Notarial Argentina,280.0,94.0,186.0,98.0,30.0,68.0,15.0,5.0,10.0,0.6642857142857143,0.0008201090745069094
2013,06,Universidad del Este,635.0,246.0,389.0,241.0,104.0,137.0,80.0,19.0,61.0,0.6125984251968504,0.0018598902225424553
2013,10,Universidad Nacional de Catamarca,13290.0,5969.0,7321.0,2994.0,1451.0,1543.0,426.0,171.0,255.0,0.5508653122648608,1.0
2013,14,Universidad Empresarial Siglo 21,51313.0,25980.0,25333.0,22436.0,11655.0,10781.0,2750.0,1249.0,1501.0,0.4936955547327188,1.0
2013,22,Universidad Nacional del Chaco Austral,3390.0,1559.0,1831.0,1182.0,560.0,622.0,28.0,10.0,18.0,0.540117994100295,0.059124125782653435
2013,22,Universidad Nacional del Nordeste,53947.0,24039.0,29908.0,12209.0,5466.0,6743.0,3651.0,1423.0,2228.0,0.5543959812408475,0.9408758742173465
2013,26,Universidad Nacional de la Patagonia San Juan Bosco,14270.0,5495.0,8775.0,3450.0,1373.0,2077.0,415.0,149.0,266.0,0.614926419060967,1.0
2013,30,Universidad Adventista del Plata,3494.0,1621.0,1873.0,562.0,266.0,296.0,390.0,180.0,210.0,0.5360618202633085,1.0
2013,34,Universidad Nacional de Formosa,11711.0,4222.0,7489.0,3616.0,1413.0,2203.0,362.0,119.0,243.0,0.6394842455810776,1.0
2013,38,Universidad Nacional de Jujuy,16332.0,7684.0,8648.0,4143.0,2093.0,2050.0,244.0,108.0,136.0,0.529512613274553,1.0
2013,42,Universidad Nacional de La Pampa,9471.0,3637.0,5834.0,2362.0,855.0,1507.0,514.0,202.0,312.0,0.6159856403758843,1.0
2013,46,Universidad Nacional de Chilecito,3612.0,1403.0,2209.0,651.0,263.0,388.0,108.0,24.0,84.0,0.6115725359911407,0.1523343595799418
2013,46,Universidad Nacional de La Rioja,20099.0,8343.0,11756.0,5334.0,2301.0,3033.0,670.0,271.0,399.0,0.5849047216279417,0.8476656404200582
2013,50,Universidad Champagnat,2958.0,1360.0,1598.0,345.0,184.0,161.0,271.0,131.0,140.0,0.5402298850574713,0.05300030459945172
2013,50,Universidad Nacional de Cuyo,35965.0,13872.0,22093.0,7787.0,2953.0,4834.0,2678.0,1056.0,1622.0,0.6142916724593355,0.6444070165379585
2013,50,Universidad de Mendoza,9496.0,4291.0,5205.0,1893.0,873.0,1020.0,590.0,239.0,351.0,0.5481255265374895,0.17014567020838187
2013,50,Universidad del Aconcagua,7392.0,2651.0,4741.0,1773.0,630.0,1143.0,682.0,259.0,423.0,0.6413690476190477,0.13244700865420794
2013,54,Universidad Nacional de Misiones,22062.0,8768.0,13294.0,6138.0,2299.0,3839.0,887.0,317.0,570.0,0.6025745625963195,0.7554961988904869
2013,54,Universidad de la Cuenca del Plata,7140.0,2460.0,4680.0,1706.0,629.0,1077.0,516.0,158.0,358.0,0.6554621848739496,0.24450380110951306
2013,66,Universidad Nacional de Salta,30813.0,13334.0,17479.0,6461.0,3021.0,3440.0,573.0,230.0,343.0,0.5672605718365625,1.0
2013,70,Universidad Nacional de San Juan,22005.0,10131.0,11874.0,4305.0,2016.0,2289.0,865.0,339.0,526.0,0.5396046353101568,1.0
2013,74,Universidad Nacional de San Luis,15219.0,5854.0,9365.0,3917.0,1620.0,2297.0,645.0,206.0,439.0,0.6153492345094947,1.0
2013,78,Universidad Nacional de la Patagonia Austral,7511.0,2406.0,5105.0,3168.0,1145.0,2023.0,171.0,33.0,138.0,0.6796698176008521,1.0
2013,82,Instituto Universitario Italiano de Rosario,1086.0,392.0,694.0,230.0,82.0,148.0,148.0,55.0,93.0,0.6390423572744015,0.007714273537058347
2013,82,Universidad Nacional de Rosario,87826.0,34267.0,53559.0,16942.0,6808.0,10134.0,10537.0,3881.0,6656.0,0.609830801812675,0.6238616829334129
2013,82,Universidad Nacional del Litoral,47730.0,20881.0,26849.0,10736.0,4540.0,6196.0,2500.0,956.0,1544.0,0.5625183322857742,0.3390444529685036
2013,82,Universidad del Centro Educativo Latinoamericano,4136.0,2025.0,2111.0,841.0,511.0,330.0,374.0,96.0,278.0,0.5103965183752418,0.02937959056102516
2013,86,Universidad Nacional de Santiago del Estero,17428.0,5899.0,11529.0,3948.0,1507.0,2441.0,1353.0,236.0,1117.0,0.6615216892357126,1.0
2014,02,Facultad Latinoamericana de Ciencias Sociales,6212.0,1878.0,4334.0,1845.0,385.0,1460.0,1585.0,311.0,1274.0,0.6976819059884095,0.010860196819214086
2014,02,Instituto Universitario CEMIC,613.0,173.0,440.0,175.0,38.0,137.0,94.0,25.0,69.0,0.7177814029363785,0.0010716839423982993
2014,02,Instituto Universitario Escuela Argentina de Negocios,1145.0,574.0,571.0,340.0,170.0,170.0,112.0,58.0,54.0,0.49868995633187774,0.002001758750482957
2014,02,Instituto Universitario Escuela de Medicina del Hospital Italiano,774.0,277.0,497.0,240.0,61.0,179.0,88.0,35.0,53.0,0.6421188630490956,0.00135315395010813
2014,02,Instituto Universitario de Gendarmeria Nacional,1395.0,1107.0,288.0,375.0,287.0,88.0,214.0,162.0,52.0,0.2064516129032258,0.002438823979846048
2014,02,Universidad Abierta Interamericana,23057.0,10814.0,12243.0,6586.0,2838.0,3748.0,3421.0,1591.0,1830.0,0.5309884200026023,0.040309651973699165
2014,02,Universidad Argentina John F. Kennedy,8760.0,3880.0,4880.0,1678.0,701.0,977.0,553.0,216.0,337.0,0.5570776255707762,0.01531476563688271
2014,02,Universidad Argentina de la Empresa,33996.0,17643.0,16353.0,9643.0,4852.0,4791.0,3711.0,1552.0,2159.0,0.48102717966819625,0.05943387814971057
2014,02,Universidad Blas Pascal,9200.0,4043.0,5157.0,3519.0,1571.0,1948.0,1128.0,413.0,715.0,0.5605434782608696,0.01608400044056175
2014,02,Universidad CAECE,3287.0,1756.0,1531.0,708.0,358.0,350.0,617.0,300.0,317.0,0.4657742622452084,0.005746533635665922
2014,02,Universidad Favaloro,2888.0,1008.0,1880.0,775.0,272.0,503.0,387.0,126.0,261.0,0.6509695290858726,0.005048977529602428
2014,02,Universidad ISALUD,5024.0,1185.0,3839.0,1840.0,449.0,1391.0,713.0,157.0,556.0,0.7641321656050956,0.008783262849280679
2014,02,Universidad Nacional del Comahue,34873.0,12620.0,22253.0,9266.0,3555.0,5711.0,1136.0,385.0,751.0,0.6381154474808591,0.060967102974316296
2014,02,Universidad Torcuato Di Tella,4660.0,2715.0,1945.0,1305.0,800.0,505.0,502.0,273.0,229.0,0.41738197424892703,0.008146895875328018
2014,02,Universidad de Belgrano,14865.0,7826.0,7039.0,3920.0,2134.0,1786.0,1231.0,657.0,574.0,0.47352842246888666,0.025987898537929394
2014,02,Universidad de Buenos Aires,348047.0,140980.0,207067.0,64576.0,25915.0,38661.0,20231.0,7352.0,12879.0,0.5949397638824642,0.608476967536543
2014,02,Universidad de Ciencias Empresariales y Sociales,16015.0,7136.0,8879.0,4871.0,2258.0,2613.0,1225.0,440.0,785.0,0.5544177333749609,0.027998398592999612
2014,02,Universidad de Flores,4465.0,1667.0,2798.0,1220.0,418.0,802.0,298.0,114.0,184.0,0.6266517357222844,0.007805984996424807
2014,02,Universidad de Palermo,14572.0,6438.0,8134.0,4711.0,2069.0,2642.0,1467.0,495.0,972.0,0.5581937963217128,0.025475658089115852
2014,02,Universidad de la Marina Mercante,4116.0,2164.0,1952.0,1131.0,596.0,535.0,325.0,166.0,159.0,0.4742468415937804,0.007195841936233931
2014,02,Universidad del CEMA,1495.0,1084.0,411.0,359.0,252.0,107.0,270.0,196.0,74.0,0.2749163879598662,0.0026136500715912845
2014,02,Universidad del Cine,1294.0,690.0,604.0,368.0,172.0,196.0,135.0,55.0,80.0,0.4667697063369397,0.0022622496271833595
2014,02,Universidad del Museo Social Argentino,3291.0,957.0,2334.0,926.0,270.0,656.0,522.0,164.0,358.0,0.7092069279854147,0.005753526679335731
2014,02,Universidad del Salvador,27953.0,9735.0,18218.0,6120.0,2124.0,3996.0,3058.0,771.0,2287.0,0.6517368439881229,0.04886913742554594
2014,06,Escuela Universitaria de Teologia,87.0,39.0,48.0,25.0,12.0,13.0,3.0,0.0,3.0,0.5517241379310345,0.000247197013178158
2014,06,Universidad Austral,5565.0,2608.0,2957.0,1987.0,972.0,1015.0,815.0,441.0,374.0,0.5313566936208446,0.015812084808464934
2014,06,Universidad Nacional Arturo Jauretche,10825.0,3942.0,6883.0,5190.0,1822.0,3368.0,14.0,7.0,7.0,0.6358429561200923,0.030757559398316786
2014,06,Universidad Nacional de Avellaneda,6151.0,2988.0,3163.0,3433.0,1614.0,1819.0,57.0,11.0,46.0,0.5142253292147618,0.017477112966193677
2014,06,Universidad Nacional de General Sarmiento,9244.0,5108.0,4136.0,2269.0,1288.0,981.0,211.0,84.0,127.0,0.44742535698831676,0.026265392986424052
2014,06,Universidad Nacional de La Matanza,42996.0,20383.0,22613.0,6777.0,3256.0,3521.0,2320.0,896.0,1424.0,0.5259326448971997,0.12216646871963313
2014,06,Universidad Nacional de La Plata,122587.0,55745.0,66842.0,24305.0,11001.0,13304.0,7146.0,2688.0,4458.0,0.5452617324838686,0.34831195694794087
2014,06,Universidad Nacional de Lomas de Zamora,35827.0,14654.0,21173.0,10434.0,4452.0,5982.0,2518.0,1188.0,1330.0,0.5909788706841209,0.10179686656475709
2014,06,Universidad Nacional de Mar del Plata,26202.0,10442.0,15760.0,5287.0,2297.0,2990.0,1178.0,433.0,745.0,0.601480802992138,0.07444892114131145
2014,06,Universidad Nacional de Moreno,5389.0,2113.0,3276.0,1840.0,706.0,1134.0,11.0,5.0,6.0,0.6079049916496567,0.015312008092150501
2014,06,Universidad Nacional de Quilmes,27310.0,10755.0,16555.0,6600.0,2505.0,4095.0,654.0,192.0,462.0,0.606188209447089,0.07759713137810914
2014,06,Universidad Nacional de Tres de Febrero,16280.0,7797.0,8483.0,6673.0,3033.0,3640.0,672.0,236.0,436.0,0.5210687960687961,0.0462570962590852
2014,06,Universidad Nacional del Centro de la Provincia de Buenos Aires,15560.0,7980.0,7580.0,2966.0,1467.0,1499.0,744.0,396.0,348.0,0.487146529562982,0.044211327874162515
2014,06,Universidad Nacional del Noroeste de la Provincia de Buenos Aires,6894.0,3440.0,3454.0,1525.0,751.0,774.0,235.0,91.0,144.0,0.5010153756890049,0.019588232285634728
2014,06,Universidad Nacional del Sur,19965.0,8814.0,11151.0,4673.0,2032.0,2641.0,1143.0,455.0,688.0,0.558527422990233,0.05672745250691868
2014,06,Universidad Notarial Argentina,237.0,82.0,155.0,75.0,25.0,50.0,8.0,2.0,6.0,0.6540084388185654,0.0006733987600370512
2014,06,Universidad del Este,827.0,317.0,510.0,372.0,142.0,230.0,102.0,31.0,71.0,0.6166868198307134,0.002349792297682031
2014,10,Universidad Nacional de Catamarca,12572.0,5617.0,6955.0,2886.0,1355.0,1531.0,651.0,238.0,413.0,0.5532134902958956,1.0
2014,14,Universidad Empresarial Siglo 21,58931.0,29296.0,29635.0,25317.0,12820.0,12497.0,4321.0,1871.0,2450.0,0.5028762451002019,1.0
2014,22,Universidad Nacional del Chaco Austral,4412.0,2044.0,2368.0,2004.0,965.0,1039.0,77.0,41.0,36.0,0.5367180417044425,0.07627939142461965
2014,22,Universidad Nacional del Nordeste,53428.0,23954.0,29474.0,10866.0,4865.0,6001.0,3550.0,1448.0,2102.0,0.5516583065059519,0.9237206085753804
2014,26,Universidad Nacional de la Patagonia San Juan Bosco,14954.0,5574.0,9380.0,4035.0,1479.0,2556.0,418.0,170.0,248.0,0.6272569212250902,1.0
2014,30,Universidad Adventista del Plata,3471.0,1636.0,1835.0,651.0,329.0,322.0,444.0,170.0,274.0,0.5286660904638433,1.0
2014,34,Universidad Nacional de Formosa,12385.0,4560.0,7825.0,3720.0,1468.0,2252.0,575.0,159.0,416.0,0.6318126766249496,1.0
2014,38,Universidad Nacional de Jujuy,17318.0,7995.0,9323.0,4264.0,1989.0,2275.0,207.0,87.0,120.0,0.538341609885668,1.0
2014,42,Universidad Nacional de La Pampa,10413.0,3909.0,6504.0,3129.0,1097.0,2032.0,466.0,204.0,262.0,0.6246038605589167,1.0
2014,46,Universidad Nacional de Chilecito,3992.0,1547.0,2445.0,796.0,283.0,513.0,89.0,20.0,69.0,0.6124749498997996,0.15816791473513214
2014,46,Universidad Nacional de La Rioja,21247.0,8939.0,12308.0,4453.0,1950.0,2503.0,839.0,346.0,493.0,0.5792817809573116,0.8418320852648679
2014,50,Universidad Champagnat,3016.0,1369.0,1647.0,368.0,164.0,204.0,214.0,107.0,107.0,0.5460875331564987,0.053169734151329244
2014,50,Universidad Nacional de Cuyo,36969.0,14377.0,22592.0,7861.0,3196.0,4665.0,2589.0,1056.0,1533.0,0.6111066028293975,0.6517347154643537
2014,50,Universidad de Mendoza,9470.0,4279.0,5191.0,1804.0,874.0,930.0,807.0,313.0,494.0,0.5481520591341077,0.16694873422184614
2014,50,Universidad del Aconcagua,7269.0,2546.0,4723.0,1687.0,605.0,1082.0,756.0,245.0,511.0,0.6497454945659651,0.12814681616247092
2014,54,Universidad Nacional de Misiones,22910.0,9195.0,13715.0,6163.0,2431.0,3732.0,1075.0,339.0,736.0,0.5986468790920996,0.7589862514493954
2014,54,Universidad de la Cuenca del Plata,7275.0,2477.0,4798.0,1640.0,541.0,1099.0,679.0,223.0,456.0,0.6595189003436426,0.24101374855060462
2014,66,Universidad Nacional de Salta,31974.0,13846.0,18128.0,6994.0,3265.0,3729.0,1138.0,508.0,630.0,0.5669606555326202,1.0
2014,70,Universidad Nacional de San Juan,23091.0,10583.0,12508.0,5005.0,2261.0,2744.0,786.0,374.0,412.0,0.5416829067602096,1.0
2014,74,Universidad Nacional de San Luis,15688.0,5824.0,9864.0,3898.0,1421.0,2477.0,634.0,229.0,405.0,0.6287608363080062,1.0
2014,78,Universidad Nacional de la Patagonia Austral,7857.0,2428.0,5429.0,3352.0,1117.0,2235.0,161.0,42.0,119.0,0.6909761995672649,1.0
2014,82,Instituto Universitario Italiano de Rosario,1157.0,401.0,756.0,507.0,200.0,307.0,95.0,36.0,59.0,0.6534140017286084,0.007960260617694207
2014,82,Universidad Nacional de Rosario,91154.0,35777.0,55377.0,17912.0,7369.0,10543.0,9811.0,3521.0,6290.0,0.6075103670711104,0.6271474471437319
2014,82,Universidad Nacional del Litoral,48650.0,21294.0,27356.0,11022.0,4722.0,6300.0,2634.0,1034.0,1600.0,0.5623021582733813,0.3347162308131575
2014,82,Universidad del Centro Educativo Latinoamericano,4386.0,2115.0,2271.0,878.0,418.0,460.0,394.0,112.0,282.0,0.5177838577291382,0.030176061425416418
2014,86,Universidad Nacional de Santiago del Estero,17081.0,5887.0,11194.0,4123.0,1278.0,2845.0,1207.0,225.0,982.0,0.6553480475382003,1.0
2015,02,Facultad Latinoamericana de Ciencias Sociales,6278.0,1420.0,4858.0,2146.0,447.0,1699.0,1282.0,316.0,966.0,0.7738133163427843,0.011470479684570944
2015,02,Instituto Universitario CEMIC,673.0,183.0,490.0,214.0,67.0,147.0,93.0,30.0,63.0,0.7280832095096582,0.001229632498839797
2015,02,Instituto Universitario Escuela Argentina de Negocios,1307.0,632.0,675.0,572.0,267.0,305.0,131.0,58.0,73.0,0.5164498852333589,0.0023880084338538106
2015,02,Instituto Universitario Escuela de Medicina del Hospital Italiano,774.0,264.0,510.0,218.0,61.0,157.0,112.0,40.0,72.0,0.6589147286821705,0.0014141687282347739
2015,02,Instituto Universitario de Gendarmeria Nacional,1472.0,1138.0,334.0,340.0,268.0,72.0,245.0,176.0,69.0,0.2269021739130435,0.002689478511578278
2015,02,Universidad Abierta Interamericana,23098.0,10654.0,12444.0,6015.0,2509.0,3506.0,3510.0,1600.0,1910.0,0.5387479435448956,0.04220215669866513
2015,02,Universidad Argentina John F. Kennedy,8249.0,3625.0,4624.0,1487.0,612.0,875.0,946.0,379.0,567.0,0.5605527942780943,0.015071676794843218
2015,02,Universidad Argentina de la Empresa,36127.0,18413.0,17714.0,9959.0,4937.0,5022.0,4480.0,1878.0,2602.0,0.49032579511168933,0.06600733029061716
2015,02,Universidad Blas Pascal,8842.0,3824.0,5018.0,3280.0,1464.0,1816.0,1195.0,443.0,752.0,0.5675186609364398,0.01615514198327115
2015,02,Universidad CAECE,3287.0,1756.0,1531.0,708.0,358.0,350.0,617.0,300.0,317.0,0.4657742622452084,0.006005649366547418
2015,02,Universidad Favaloro,2983.0,1004.0,1979.0,758.0,221.0,537.0,341.0,84.0,257.0,0.6634260811263828,0.005450213586982339
2015,02,Universidad ISALUD,5448.0,1312.0,4136.0,2027.0,504.0,1523.0,803.0,166.0,637.0,0.7591776798825257,0.009953993839047865
2015,02,Universidad Nacional del Comahue,33331.0,12680.0,20651.0,8347.0,3261.0,5086.0,1184.0,412.0,772.0,0.6195733701359095,0.06089878279172255
2015,02,Universidad Torcuato Di Tella,5279.0,3053.0,2226.0,1482.0,843.0,639.0,595.0,337.0,258.0,0.4216707709793521,0.009645215395802806
2015,02,Universidad de Belgrano,14116.0,6986.0,7130.0,5440.0,2462.0,2978.0,1311.0,658.0,653.0,0.5051005950694247,0.025791221922173216
2015,02,Universidad de Buenos Aires,325047.0,131187.0,193860.0,65256.0,26194.0,39062.0,21559.0,8207.0,13352.0,0.596406058200814,0.5938905718430602
2015,02,Universidad de Ciencias Empresariales y Sociales,15415.0,6758.0,8657.0,5039.0,2181.0,2858.0,1330.0,496.0,834.0,0.5615958481998053,0.02816461362498584
2015,02,Universidad de Flores,4755.0,1680.0,3075.0,1272.0,428.0,844.0,392.0,115.0,277.0,0.6466876971608833,0.008687819512605104
2015,02,Universidad de Palermo,12864.0,5612.0,7252.0,3605.0,1486.0,2119.0,1510.0,533.0,977.0,0.5637437810945274,0.02350370351422756
2015,02,Universidad de la Marina Mercante,3956.0,2017.0,1939.0,981.0,499.0,482.0,343.0,171.0,172.0,0.49014155712841256,0.0072279734998666224
2015,02,Universidad del CEMA,1660.0,1185.0,475.0,495.0,341.0,154.0,336.0,231.0,105.0,0.286144578313253,0.003032971691046156
2015,02,Universidad del Cine,1319.0,690.0,629.0,436.0,221.0,215.0,123.0,66.0,57.0,0.47687642153146326,0.0024099335304155903
2015,02,Universidad del Museo Social Argentino,3085.0,905.0,2180.0,698.0,210.0,488.0,586.0,201.0,385.0,0.706645056726094,0.005636576907757465
2015,02,Universidad del Salvador,27953.0,9735.0,18218.0,6120.0,2124.0,3996.0,3058.0,771.0,2287.0,0.6517368439881229,0.05107268534928506
2015,06,Escuela Universitaria de Teologia,85.0,39.0,46.0,13.0,7.0,6.0,19.0,10.0,9.0,0.5411764705882353,0.00022388629736841412
2015,06,Universidad Austral,5936.0,3014.0,2922.0,2102.0,1121.0,981.0,911.0,461.0,450.0,0.49225067385444743,0.01563516542563419
2015,06,Universidad Nacional Arturo Jauretche,18192.0,6990.0,11202.0,4702.0,1831.0,2871.0,21.0,8.0,13.0,0.6157651715039578,0.04791693554971988
2015,06,Universidad Nacional de Avellaneda,8718.0,4108.0,4610.0,4882.0,2227.0,2655.0,94.0,36.0,58.0,0.5287910071117229,0.022962832240680405
2015,06,Universidad Nacional de General Sarmiento,11950.0,6617.0,5333.0,3730.0,2043.0,1687.0,193.0,83.0,110.0,0.44627615062761505,0.031475779453559394
2015,06,Universidad Nacional de La Matanza,46411.0,21997.0,24414.0,7643.0,3794.0,3849.0,3402.0,1403.0,1999.0,0.5260390855616125,0.12224455231959373
2015,06,Universidad Nacional de La Plata,120806.0,54676.0,66130.0,24331.0,11146.0,13185.0,7526.0,2736.0,4790.0,0.5474065857656076,0.31819774164574866
2015,06,Universidad Nacional de Lomas de Zamora,39451.0,15957.0,23494.0,9558.0,4023.0,5535.0,2990.0,1395.0,1595.0,0.5955235608729816,0.10391221549978007
2015,06,Universidad Nacional de Mar del Plata,28191.0,11016.0,17175.0,6096.0,2199.0,3897.0,1134.0,390.0,744.0,0.6092369905288922,0.07425386598956427
2015,06,Universidad Nacional de Moreno,7660.0,3074.0,4586.0,2284.0,967.0,1317.0,75.0,11.0,64.0,0.5986945169712794,0.020176106327553556
2015,06,Universidad Nacional de Quilmes,31167.0,12832.0,18335.0,8873.0,4004.0,4869.0,1266.0,403.0,863.0,0.5882824782622645,0.08209252035389838
2015,06,Universidad Nacional de Tres de Febrero,15909.0,7881.0,8028.0,6887.0,3457.0,3430.0,363.0,172.0,191.0,0.5046200264001509,0.04190361299804824
2015,06,Universidad Nacional del Centro de la Provincia de Buenos Aires,16034.0,8250.0,7784.0,3052.0,1579.0,1473.0,875.0,394.0,481.0,0.48546837969315204,0.04223285755300179
2015,06,Universidad Nacional del Noroeste de la Provincia de Buenos Aires,7168.0,3484.0,3684.0,1649.0,745.0,904.0,249.0,91.0,158.0,0.5139508928571429,0.01888019975925638
2015,06,Universidad Nacional del Sur,20901.0,9208.0,11693.0,4326.0,1891.0,2435.0,1180.0,497.0,683.0,0.5594469164154825,0.055052323544673216
2015,06,Universidad Notarial Argentina,230.0,77.0,153.0,82.0,28.0,54.0,17.0,6.0,11.0,0.6652173913043479,0.0006058099811145323
2015,06,Universidad del Este,848.0,306.0,542.0,298.0,89.0,209.0,164.0,58.0,106.0,0.6391509433962265,0.0022335950608048842
2015,10,Universidad Nacional de Catamarca,12945.0,5796.0,7149.0,3057.0,1457.0,1600.0,445.0,166.0,279.0,0.5522595596755504,1.0
2015,14,Universidad Empresarial Siglo 21,62917.0,31081.0,31836.0,24849.0,12356.0,12493.0,4555.0,2123.0,2432.0,0.5059999682120889,1.0
2015,22,Universidad Nacional del Chaco Austral,4653.0,2131.0,2522.0,2058.0,962.0,1096.0,101.0,27.0,74.0,0.5420159037180313,0.08040574400801812
2015,22,Universidad Nacional del Nordeste,53216.0,23606.0,29610.0,11479.0,4924.0,6555.0,2916.0,1153.0,1763.0,0.5564116055321707,0.9195942559919819
2015,26,Universidad Nacional de la Patagonia San Juan Bosco,15174.0,5625.0,9549.0,4380.0,1524.0,2856.0,526.0,200.0,326.0,0.6293001186239621,1.0
2015,30,Universidad Adventista del Plata,3435.0,1645.0,1790.0,673.0,311.0,362.0,387.0,161.0,226.0,0.5211062590975255,1.0
2015,34,Universidad Nacional de Formosa,11718.0,4338.0,7380.0,3324.0,1361.0,1963.0,478.0,160.0,318.0,0.6298003072196621,1.0
2015,38,Universidad Nacional de Jujuy,18682.0,8312.0,10370.0,5523.0,2237.0,3286.0,307.0,114.0,193.0,0.5550797559147843,1.0
2015,42,Universidad Nacional de La Pampa,10307.0,3802.0,6505.0,2721.0,952.0,1769.0,454.0,181.0,273.0,0.6311244785097506,1.0
2015,46,Universidad Nacional de Chilecito,3847.0,1439.0,2408.0,637.0,222.0,415.0,148.0,29.0,119.0,0.625942292695607,0.1440338462690479
2015,46,Universidad Nacional de La Rioja,22862.0,9519.0,13343.0,6133.0,2629.0,3504.0,1233.0,483.0,750.0,0.5836322281515178,0.8559661537309521
2015,50,Universidad Champagnat,2991.0,1364.0,1627.0,563.0,254.0,309.0,251.0,95.0,156.0,0.5439652290203946,0.052743880933907035
2015,50,Universidad Nacional de Cuyo,37405.0,14737.0,22668.0,8437.0,3636.0,4801.0,2632.0,1003.0,1629.0,0.6060152386044646,0.6596071101079213
2015,50,Universidad de Mendoza,9240.0,4251.0,4989.0,1651.0,798.0,853.0,762.0,317.0,445.0,0.5399350649350649,0.16293997319602171
2015,50,Universidad del Aconcagua,7072.0,2412.0,4660.0,1484.0,506.0,978.0,710.0,230.0,480.0,0.6589366515837104,0.12470903576214996
2015,54,Universidad Nacional de Misiones,24594.0,9925.0,14669.0,6885.0,2811.0,4074.0,1017.0,375.0,642.0,0.5964462877124502,0.7771352734856385
2015,54,Universidad de la Cuenca del Plata,7053.0,2289.0,4764.0,1601.0,499.0,1102.0,548.0,164.0,384.0,0.6754572522330923,0.22286472651436154
2015,66,Universidad Nacional de Salta,33406.0,14497.0,18909.0,7052.0,3289.0,3763.0,531.0,205.0,326.0,0.5660360414296833,1.0
2015,70,Universidad Nacional de San Juan,23019.0,10501.0,12518.0,4372.0,2020.0,2352.0,745.0,336.0,409.0,0.5438116338676745,1.0
2015,74,Universidad Nacional de San Luis,17290.0,6434.0,10856.0,4881.0,1845.0,3036.0,588.0,219.0,369.0,0.6278773857721226,1.0
2015,78,Universidad Nacional de la Patagonia Austral,7676.0,2442.0,5234.0,2925.0,997.0,1928.0,95.0,14.0,81.0,0.6818655549765503,1.0
2015,82,Instituto Universitario Italiano de Rosario,1140.0,409.0,731.0,310.0,114.0,196.0,110.0,40.0,70.0,0.6412280701754386,0.007528479445269936
2015,82,Universidad Nacional de Rosario,97919.0,38555.0,59364.0,18722.0,7556.0,11166.0,8734.0,3305.0,5429.0,0.6062561913418233,0.6466501568433217
2015,82,Universidad Nacional del Litoral,48389.0,21093.0,27296.0,11019.0,4848.0,6171.0,2455.0,943.0,1512.0,0.5640951455909401,0.31955753673435694
2015,82,Universidad del Centro Educativo Latinoamericano,3977.0,1841.0,2136.0,714.0,354.0,360.0,567.0,222.0,345.0,0.5370882574805129,0.026263826977051347
2015,86,Universidad Nacional de Santiago del Estero,16789.0,5744.0,11045.0,3822.0,1208.0,2614.0,1261.0,277.0,984.0,0.6578712252069807,1.0
2016,02,Facultad Latinoamericana de Ciencias Sociales,6860.0,1543.0,5317.0,1850.0,395.0,1455.0,1501.0,284.0,1217.0,0.7750728862973761,0.012307603982209592
2016,02,Instituto Universitario CEMIC,673.0,183.0,490.0,214.0,67.0,147.0,93.0,30.0,63.0,0.7280832095096582,0.0012074369504412616
2016,02,Instituto Universitario Escuela Argentina de Negocios,1403.0,688.0,715.0,576.0,271.0,305.0,149.0,75.0,74.0,0.5096222380612973,0.0025171382488396584
2016,02,Instituto Universitario Escuela de Medicina del Hospital Italiano,1107.0,342.0,765.0,521.0,153.0,368.0,111.0,45.0,66.0,0.6910569105691057,0.0019860812840096238
2016,02,Instituto Universitario de Gendarmeria Nacional,1521.0,1156.0,365.0,297.0,216.0,81.0,328.0,247.0,81.0,0.23997370151216305,0.0027288433902246047
2016,02,Universidad Abierta Interamericana,22598.0,10201.0,12397.0,5615.0,2387.0,3228.0,3219.0,1380.0,1839.0,0.5485883706522701,0.04054332868658489
2016,02,Universidad Argentina John F. Kennedy,6995.0,3066.0,3929.0,1182.0,505.0,677.0,766.0,313.0,453.0,0.56168691922802,0.012549809016844911
2016,02,Universidad Argentina de la Empresa,37421.0,19024.0,18397.0,10205.0,5233.0,4972.0,4706.0,1986.0,2720.0,0.49162235108628843,0.06713744148954302
2016,02,Universidad Blas Pascal,12761.0,5503.0,7258.0,3529.0,1469.0,2060.0,702.0,295.0,407.0,0.5687642034323329,0.022894655162824577
2016,02,Universidad CAECE,3576.0,1762.0,1814.0,822.0,364.0,458.0,420.0,186.0,234.0,0.5072706935123042,0.006415742250784475
2016,02,Universidad Favaloro,2758.0,926.0,1832.0,760.0,255.0,505.0,515.0,170.0,345.0,0.6642494561276288,0.004948159152031203
2016,02,Universidad ISALUD,5221.0,1281.0,3940.0,1614.0,411.0,1203.0,874.0,189.0,685.0,0.7546447040796782,0.00936705545060004
2016,02,Universidad Nacional del Comahue,33282.0,12039.0,21243.0,8828.0,3415.0,5413.0,1186.0,359.0,827.0,0.6382729403281053,0.05971161453876088
2016,02,Universidad Torcuato Di Tella,6035.0,3487.0,2548.0,1620.0,929.0,691.0,629.0,361.0,268.0,0.4222038111019055,0.010827462103882636
2016,02,Universidad de Belgrano,14622.0,7710.0,6912.0,5035.0,2742.0,2293.0,1218.0,560.0,658.0,0.47271235125153876,0.026233496418056654
2016,02,Universidad de Buenos Aires,329658.0,133150.0,196508.0,72175.0,28974.0,43201.0,21937.0,8224.0,13713.0,0.5960965606780361,0.5914431652430393
2016,02,Universidad de Ciencias Empresariales y Sociales,15971.0,7005.0,8966.0,5472.0,2423.0,3049.0,1507.0,564.0,943.0,0.5613925239496588,0.028653752653042184
2016,02,Universidad de Flores,4990.0,1692.0,3298.0,1313.0,423.0,890.0,432.0,134.0,298.0,0.6609218436873747,0.008952615724668492
2016,02,Universidad de Palermo,12186.0,5460.0,6726.0,3770.0,1730.0,2040.0,1379.0,483.0,896.0,0.551944854751354,0.021863041126414882
2016,02,Universidad de la Marina Mercante,3835.0,1988.0,1847.0,893.0,477.0,416.0,350.0,164.0,186.0,0.4816166883963494,0.006880417095010756
2016,02,Universidad del CEMA,1681.0,1189.0,492.0,447.0,305.0,142.0,287.0,199.0,88.0,0.2926829268292683,0.0030159012090516506
2016,02,Universidad del Cine,1343.0,719.0,624.0,388.0,234.0,154.0,132.0,62.0,70.0,0.46463142218912884,0.0024094915667795163
2016,02,Universidad del Museo Social Argentino,2929.0,822.0,2107.0,728.0,220.0,508.0,542.0,163.0,379.0,0.7193581427108228,0.005254952195902609
2016,02,Universidad del Salvador,27953.0,9735.0,18218.0,6120.0,2124.0,3996.0,3058.0,771.0,2287.0,0.6517368439881229,0.050150795060452585
2016,06,Escuela Universitaria de Teologia,73.0,27.0,46.0,33.0,12.0,21.0,2.0,1.0,1.0,0.6301369863013698,0.00019073996655518394
2016,06,Universidad Austral,6872.0,3409.0,3463.0,2059.0,1060.0,999.0,833.0,468.0,365.0,0.5039289871944121,0.017955685618729098
2016,06,Universidad Nacional Arturo Jauretche,18486.0,6415.0,12071.0,6099.0,2098.0,4001.0,37.0,19.0,18.0,0.6529806339932922,0.04830163043478261
2016,06,Universidad Nacional de Avellaneda,10018.0,4755.0,5263.0,4557.0,2159.0,2398.0,78.0,28.0,50.0,0.5253543621481334,0.02617579431438127
2016,06,Universidad Nacional de General Sarmiento,13072.0,7333.0,5739.0,3803.0,2165.0,1638.0,277.0,150.0,127.0,0.43902998776009794,0.03415551839464883
2016,06,Universidad Nacional de La Matanza,46119.0,22225.0,23894.0,9361.0,4578.0,4783.0,2868.0,1271.0,1597.0,0.5180944946768143,0.12050323996655518
2016,06,Universidad Nacional de La Plata,121708.0,54460.0,67248.0,29072.0,12631.0,16441.0,7523.0,2938.0,4585.0,0.5525355769546784,0.3180079431438127
2016,06,Universidad Nacional de Lomas de Zamora,38082.0,15459.0,22623.0,9646.0,4131.0,5515.0,3036.0,1366.0,1670.0,0.5940601859146053,0.09950355351170569
2016,06,Universidad Nacional de Mar del Plata,27876.0,11966.0,15910.0,6224.0,3275.0,2949.0,1351.0,526.0,825.0,0.5707418567943751,0.07283653846153847
2016,06,Universidad Nacional de Moreno,5975.0,2475.0,3500.0,2647.0,1153.0,1494.0,94.0,23.0,71.0,0.5857740585774058,0.015611935618729096
2016,06,Universidad Nacional de Quilmes,32737.0,13719.0,19018.0,8934.0,3854.0,5080.0,407.0,132.0,275.0,0.5809328893912087,0.08553772993311037
2016,06,Universidad Nacional de Tres de Febrero,15909.0,7881.0,8028.0,6887.0,3457.0,3430.0,363.0,172.0,191.0,0.5046200264001509,0.0415682483277592
2016,06,Universidad Nacional del Centro de la Provincia de Buenos Aires,16071.0,8227.0,7844.0,3405.0,1620.0,1785.0,844.0,474.0,370.0,0.4880841266878228,0.04199153428093645
2016,06,Universidad Nacional del Noroeste de la Provincia de Buenos Aires,7135.0,3543.0,3592.0,1579.0,783.0,796.0,303.0,132.0,171.0,0.5034337771548704,0.018642872073578596
2016,06,Universidad Nacional del Sur,21451.0,9551.0,11900.0,5030.0,2258.0,2772.0,1102.0,477.0,625.0,0.5547526921821826,0.05604880852842809
2016,06,Universidad Notarial Argentina,202.0,65.0,137.0,51.0,17.0,34.0,0.0,0.0,0.0,0.6782178217821783,0.0005278010033444816
2016,06,Universidad del Este,934.0,333.0,601.0,347.0,127.0,220.0,155.0,51.0,104.0,0.6434689507494646,0.0024404264214046823
2016,10,Universidad Nacional de Catamarca,13807.0,6090.0,7717.0,3269.0,1424.0,1845.0,552.0,217.0,335.0,0.5589193887158688,1.0
2016,14,Universidad Empresarial Siglo 21,67257.0,33308.0,33949.0,26699.0,13614.0,13085.0,4682.0,2134.0,2548.0,0.5047653032398115,1.0
2016,22,Universidad Nacional del Chaco Austral,6419.0,2963.0,3456.0,2944.0,1388.0,1556.0,126.0,50.0,76.0,0.5384016201900608,0.10431461769724547
2016,22,Universidad Nacional del Nordeste,55116.0,24412.0,30704.0,12516.0,5645.0,6871.0,3173.0,1224.0,1949.0,0.5570796139052181,0.8956853823027545
2016,26,Universidad Nacional de la Patagonia San Juan Bosco,15367.0,5880.0,9487.0,4457.0,1808.0,2649.0,519.0,191.0,328.0,0.6173618793518578,1.0
2016,30,Universidad Adventista del Plata,3462.0,1676.0,1786.0,603.0,303.0,300.0,318.0,141.0,177.0,0.5158867706528019,1.0
2016,34,Universidad Nacional de Formosa,11242.0,4148.0,7094.0,2960.0,1190.0,1770.0,401.0,122.0,279.0,0.6310265077388365,1.0
2016,38,Universidad Nacional de Jujuy,20077.0,8963.0,11114.0,5756.0,2502.0,3254.0,264.0,97.0,167.0,0.5535687602729491,1.0
2016,42,Universidad Nacional de La Pampa,10763.0,3976.0,6787.0,2828.0,956.0,1872.0,493.0,205.0,288.0,0.6305862677692093,1.0
2016,46,Universidad Nacional de Chilecito,3944.0,1549.0,2395.0,678.0,266.0,412.0,152.0,21.0,131.0,0.6072515212981744,0.12940057088487156
2016,46,Universidad Nacional de La Rioja,26535.0,10742.0,15793.0,8328.0,3369.0,4959.0,952.0,384.0,568.0,0.595176182400603,0.8705994291151284
2016,50,Universidad Champagnat,2454.0,1119.0,1335.0,371.0,181.0,190.0,274.0,121.0,153.0,0.5440097799511002,0.04269162520441182
2016,50,Universidad Nacional de Cuyo,38173.0,15073.0,23100.0,8044.0,3406.0,4638.0,2600.0,1035.0,1565.0,0.6051397584680271,0.6640861487074214
2016,50,Universidad de Mendoza,9906.0,4488.0,5418.0,3027.0,1378.0,1649.0,906.0,377.0,529.0,0.5469412477286493,0.17233220834348142
2016,50,Universidad del Aconcagua,6949.0,2354.0,4595.0,1604.0,568.0,1036.0,672.0,204.0,468.0,0.6612462224780544,0.12089001774468529
2016,54,Universidad Nacional de Misiones,25124.0,10219.0,14905.0,6621.0,2748.0,3873.0,756.0,230.0,526.0,0.5932574430823118,0.7788697027001891
2016,54,Universidad de la Cuenca del Plata,7133.0,2291.0,4842.0,1500.0,504.0,996.0,302.0,86.0,216.0,0.6788167671386514,0.2211302972998109
2016,66,Universidad Nacional de Salta,34757.0,15216.0,19541.0,7827.0,3607.0,4220.0,697.0,278.0,419.0,0.5622176827689386,1.0
2016,70,Universidad Nacional de San Juan,23504.0,10685.0,12819.0,4854.0,2285.0,2569.0,677.0,288.0,389.0,0.5453965282505105,1.0
2016,74,Universidad Nacional de San Luis,17781.0,6480.0,11301.0,4622.0,1679.0,2943.0,678.0,231.0,447.0,0.6355660536527754,1.0
2016,78,Universidad Nacional de la Patagonia Austral,7503.0,2444.0,5059.0,2798.0,990.0,1808.0,125.0,29.0,96.0,0.6742636278821804,1.0
2016,82,Instituto Universitario Italiano de Rosario,1210.0,428.0,782.0,229.0,65.0,164.0,129.0,39.0,90.0,0.6462809917355372,0.00814759948824995
2016,82,Universidad Nacional de Rosario,93668.0,36832.0,56836.0,17261.0,6976.0,10285.0,10048.0,3652.0,6396.0,0.606781398129564,0.6307184701366911
2016,82,Universidad Nacional del Litoral,49794.0,21238.0,28556.0,11434.0,4739.0,6695.0,2684.0,989.0,1695.0,0.5734827489255734,0.3352905528247256
2016,82,Universidad del Centro Educativo Latinoamericano,3838.0,1716.0,2122.0,772.0,327.0,445.0,522.0,203.0,319.0,0.552892131318395,0.02584337755033331
2016,86,Universidad Nacional de Santiago del Estero,17971.0,6059.0,11912.0,4831.0,1367.0,3464.0,974.0,201.0,773.0,0.6628456958433031,1.0
2017,02,Facultad Latinoamericana de Ciencias Sociales,6138.0,1484.0,4654.0,2889.0,635.0,2254.0,1748.0,316.0,1432.0,0.7582274356467905,0.011085585487960816
2017,02,Instituto Universitario CEMIC,761.0,208.0,553.0,273.0,76.0,197.0,75.0,16.0,59.0,0.7266754270696452,0.0013744103219840633
2017,02,Instituto Universitario Escuela Argentina de Negocios,1526.0,699.0,827.0,575.0,257.0,318.0,180.0,99.0,81.0,0.5419397116644823,0.0027560448769351916
2017,02,Instituto Universitario Escuela de Medicina del Hospital Italiano,1169.0,376.0,793.0,439.0,127.0,312.0,114.0,28.0,86.0,0.6783575705731394,0.002111282084624665
2017,02,Instituto Universitario de Gendarmeria Nacional,2811.0,2245.0,566.0,1563.0,1311.0,252.0,264.0,188.0,76.0,0.20135183208822482,0.005076829717604733
2017,02,Universidad Abierta Interamericana,22487.0,10013.0,12474.0,5843.0,2432.0,3411.0,3759.0,1651.0,2108.0,0.5547205051807711,0.0406128316825961
2017,02,Universidad Argentina John F. Kennedy,8103.0,3509.0,4594.0,2678.0,1116.0,1562.0,896.0,361.0,535.0,0.5669505121559916,0.014634489933031361
2017,02,Universidad Argentina de la Empresa,37375.0,18817.0,18558.0,9353.0,4789.0,4564.0,3891.0,1662.0,2229.0,0.4965351170568562,0.067501426786011
2017,02,Universidad Blas Pascal,9206.0,3851.0,5355.0,3559.0,1499.0,2060.0,618.0,239.0,379.0,0.5816858570497502,0.016626572173699457
2017,02,Universidad CAECE,3105.0,1427.0,1678.0,820.0,325.0,495.0,278.0,128.0,150.0,0.5404186795491144,0.005607810840683991
2017,02,Universidad Favaloro,2834.0,915.0,1919.0,940.0,288.0,652.0,431.0,132.0,299.0,0.6771347918136909,0.005118369057165355
2017,02,Universidad ISALUD,5334.0,1269.0,4065.0,1910.0,470.0,1440.0,796.0,174.0,622.0,0.7620922384701913,0.009633514661580807
2017,02,Universidad Nacional del Comahue,33026.0,12195.0,20831.0,8202.0,3369.0,4833.0,1294.0,447.0,847.0,0.6307454732634894,0.059646879492569874
2017,02,Universidad Torcuato Di Tella,6711.0,3828.0,2883.0,1574.0,854.0,720.0,626.0,358.0,268.0,0.4295932051855163,0.012120456860492837
2017,02,Universidad de Belgrano,14580.0,7631.0,6949.0,4809.0,2592.0,2217.0,1189.0,533.0,656.0,0.4766117969821674,0.026332329164950912
2017,02,Universidad de Buenos Aires,333658.0,134308.0,199350.0,76448.0,31100.0,45348.0,21919.0,8172.0,13747.0,0.597468066103615,0.6026057808312203
2017,02,Universidad de Ciencias Empresariales y Sociales,15844.0,6888.0,8956.0,5778.0,2469.0,3309.0,1464.0,535.0,929.0,0.5652612976521081,0.028615186782543364
2017,02,Universidad de Flores,5203.0,1772.0,3431.0,1421.0,519.0,902.0,498.0,173.0,325.0,0.6594272535075918,0.009396921031909438
2017,02,Universidad de Palermo,11886.0,5492.0,6394.0,3863.0,1854.0,2009.0,1224.0,449.0,775.0,0.5379437994278984,0.02146680826163282
2017,02,Universidad de la Marina Mercante,3419.0,1754.0,1665.0,705.0,345.0,360.0,328.0,160.0,168.0,0.4869844983913425,0.006174913128598571
2017,02,Universidad del CEMA,1681.0,1171.0,510.0,430.0,282.0,148.0,308.0,210.0,98.0,0.30339083878643663,0.0030359839044089496
2017,02,Universidad del Cine,1352.0,698.0,654.0,399.0,205.0,194.0,112.0,55.0,57.0,0.48372781065088755,0.002441790742867876
2017,02,Universidad del Museo Social Argentino,2827.0,789.0,2038.0,716.0,207.0,509.0,467.0,170.0,297.0,0.7209055535903784,0.005105726649472992
2017,02,Universidad del Salvador,22656.0,8097.0,14559.0,4640.0,1641.0,2999.0,687.0,230.0,457.0,0.6426112288135594,0.040918055525454584
2017,06,Escuela Universitaria de Teologia,75.0,31.0,44.0,30.0,12.0,18.0,5.0,2.0,3.0,0.5866666666666667,0.00018697320300054595
2017,06,Universidad Austral,7003.0,3260.0,3743.0,2221.0,960.0,1261.0,857.0,464.0,393.0,0.5344852206197344,0.017458311208170978
2017,06,Universidad Nacional Arturo Jauretche,20166.0,7234.0,12932.0,7649.0,2824.0,4825.0,74.0,16.0,58.0,0.6412773975999206,0.050273354822786796
2017,06,Universidad Nacional de Avellaneda,13111.0,6142.0,6969.0,6433.0,2961.0,3472.0,49.0,14.0,35.0,0.531538402867821,0.03268540886053544
2017,06,Universidad Nacional de General Sarmiento,14789.0,8702.0,6087.0,4232.0,2542.0,1690.0,267.0,155.0,112.0,0.4115896950436135,0.036868622655667656
2017,06,Universidad Nacional de La Matanza,49210.0,23606.0,25604.0,8542.0,4242.0,4300.0,2724.0,1126.0,1598.0,0.5203007518796993,0.12267935092875823
2017,06,Universidad Nacional de La Plata,120523.0,53653.0,66870.0,25909.0,11497.0,14412.0,7655.0,2917.0,4738.0,0.5548318578196693,0.3004609512697973
2017,06,Universidad Nacional de Lomas de Zamora,38465.0,15357.0,23108.0,8680.0,3860.0,4820.0,2384.0,1013.0,1371.0,0.6007539321461068,0.09589232337888001
2017,06,Universidad Nacional de Mar del Plata,34437.0,14480.0,19957.0,9512.0,4113.0,5399.0,1284.0,452.0,832.0,0.5795220257281413,0.08585061588973068
2017,06,Universidad Nacional de Moreno,6929.0,2864.0,4065.0,2650.0,1124.0,1526.0,134.0,49.0,85.0,0.5866647423870689,0.01727383098121044
2017,06,Universidad Nacional de Quilmes,34756.0,13757.0,20999.0,5759.0,2180.0,3579.0,792.0,260.0,532.0,0.6041834503395097,0.086645875246493
2017,06,Universidad Nacional de Tres de Febrero,14478.0,6702.0,7776.0,5290.0,2220.0,3070.0,481.0,213.0,268.0,0.5370907583920431,0.03609330710722539
2017,06,Universidad Nacional del Centro de la Provincia de Buenos Aires,16213.0,8165.0,8048.0,3323.0,1660.0,1663.0,771.0,394.0,377.0,0.4963917843705668,0.04041862053663802
2017,06,Universidad Nacional del Noroeste de la Provincia de Buenos Aires,7931.0,3831.0,4100.0,2154.0,977.0,1177.0,348.0,152.0,196.0,0.5169587693859539,0.019771792973297734
2017,06,Universidad Nacional del Sur,21914.0,9697.0,12217.0,5518.0,2552.0,2966.0,1183.0,465.0,718.0,0.5574974901889204,0.054631076940719524
2017,06,Universidad Notarial Argentina,193.0,58.0,135.0,68.0,20.0,48.0,2.0,0.0,2.0,0.6994818652849741,0.0004811443757214049
2017,06,Universidad del Este,934.0,333.0,601.0,347.0,127.0,220.0,155.0,51.0,104.0,0.6434689507494646,0.002328439621366799
2017,10,Universidad Nacional de Catamarca,14300.0,6414.0,7886.0,4065.0,1964.0,2101.0,435.0,190.0,245.0,0.5514685314685315,1.0
2017,14,Universidad Empresarial Siglo 21,70218.0,33856.0,36362.0,29486.0,14292.0,15194.0,4738.0,2067.0,2671.0,0.5178444273548093,1.0
2017,22,Universidad Nacional del Chaco Austral,10310.0,4672.0,5638.0,5708.0,2602.0,3106.0,173.0,63.0,110.0,0.5468477206595538,0.15418436322306633
2017,22,Universidad Nacional del Nordeste,56558.0,25111.0,31447.0,13222.0,5933.0,7289.0,3733.0,1442.0,2291.0,0.5560132960854344,0.8458156367769336
2017,26,Universidad Nacional de la Patagonia San Juan Bosco,16916.0,6598.0,10318.0,5465.0,2237.0,3228.0,555.0,196.0,359.0,0.6099550721210688,1.0
2017,30,Universidad Adventista del Plata,3464.0,1669.0,1795.0,641.0,341.0,300.0,313.0,111.0,202.0,0.5181870669745958,1.0
2017,34,Universidad Nacional de Formosa,11523.0,4337.0,7186.0,3153.0,1270.0,1883.0,400.0,128.0,272.0,0.6236223205762388,1.0
2017,38,Universidad Nacional de Jujuy,20922.0,9268.0,11654.0,5789.0,2494.0,3295.0,315.0,141.0,174.0,0.5570213172736832,1.0
2017,42,Universidad Nacional de La Pampa,11341.0,4033.0,7308.0,3208.0,999.0,2209.0,502.0,215.0,287.0,0.6443876201393175,1.0
2017,46,Universidad Nacional de Chilecito,3866.0,1564.0,2302.0,712.0,254.0,458.0,113.0,13.0,100.0,0.5954474909467149,0.1284641456768791
2017,46,Universidad Nacional de La Rioja,26228.0,10418.0,15810.0,6894.0,2749.0,4145.0,934.0,355.0,579.0,0.6027909104773524,0.8715358543231209
2017,50,Universidad Champagnat,1600.0,752.0,848.0,236.0,117.0,119.0,261.0,112.0,149.0,0.53,0.027913468248429867
2017,50,Universidad Nacional de Cuyo,39221.0,15664.0,23557.0,8677.0,3598.0,5079.0,2709.0,1140.0,1569.0,0.6006221157033222,0.6842463363572924
2017,50,Universidad de Mendoza,9835.0,4419.0,5416.0,2263.0,1074.0,1189.0,820.0,313.0,507.0,0.5506863243518048,0.17158060013956733
2017,50,Universidad del Aconcagua,6664.0,2168.0,4496.0,1544.0,514.0,1030.0,618.0,179.0,439.0,0.6746698679471789,0.1162595952547104
2017,54,Universidad Nacional de Misiones,26397.0,10806.0,15591.0,7616.0,3110.0,4506.0,1326.0,453.0,873.0,0.5906352994658484,0.7872651356993737
2017,54,Universidad de la Cuenca del Plata,7133.0,2291.0,4842.0,1500.0,504.0,996.0,302.0,86.0,216.0,0.6788167671386514,0.2127348643006263
2017,66,Universidad Nacional de Salta,34403.0,15003.0,19400.0,7380.0,3399.0,3981.0,660.0,271.0,389.0,0.563904310670581,1.0
2017,70,Universidad Nacional de San Juan,23854.0,10819.0,13035.0,5233.0,2428.0,2805.0,865.0,358.0,507.0,0.5464492328330678,1.0
2017,74,Universidad Nacional de San Luis,18618.0,6701.0,11917.0,4967.0,1812.0,3155.0,716.0,271.0,445.0,0.6400794929637985,1.0
2017,78,Universidad Nacional de la Patagonia Austral,8953.0,2900.0,6053.0,3938.0,1325.0,2613.0,245.0,41.0,204.0,0.6760862280799732,1.0
2017,82,Instituto Universitario Italiano de Rosario,1368.0,481.0,887.0,318.0,97.0,221.0,162.0,45.0,117.0,0.6483918128654971,0.008873033890059997
2017,82,Universidad Nacional de Rosario,97882.0,38365.0,59517.0,19372.0,7744.0,11628.0,10593.0,3927.0,6666.0,0.6080484665209129,0.634875952651208
2017,82,Universidad Nacional del Litoral,51401.0,21779.0,29622.0,11524.0,4797.0,6727.0,2857.0,1095.0,1762.0,0.5762922900332679,0.3333938706015891
2017,82,Universidad del Centro Educativo Latinoamericano,3524.0,1460.0,2064.0,642.0,251.0,391.0,438.0,129.0,309.0,0.5856980703745743,0.022857142857142857
2017,86,Universidad Nacional de Santiago del Estero,18948.0,6123.0,12825.0,5212.0,1593.0,3619.0,641.0,165.0,476.0,0.6768524382520583,1.0
